burst,telescope,dm_pc_cm3,filename,arc_path,sha256,bytes,status,builder
casey,chime,491,casey_chime_I_491_2085_32000b_cntr_bpc.npy,/arc/home/jfaber/baseband_morphologies/chime_dsa_codetections/data/CHIME_bursts/dmphase/casey_chime_I_491_2085_32000b_cntr_bpc.npy,79e9cba92716263d7644cafafe4d35a3ea646f18509be094033b67c6fc4440c4,131072128,ARC_BYTE_MATCH,UNVERIFIED_BUILDER
chromatica,chime,272,chromatica_chime_I_272_6382_32000b_cntr_bpc.npy,/arc/home/jfaber/baseband_morphologies/chime_dsa_codetections/data/CHIME_bursts/dmphase/chromatica_chime_I_272_6382_32000b_cntr_bpc.npy,609a8751415323f3191ea2f45b07d6598c5336247f523eda887668f26b29b2b5,131072128,ARC_BYTE_MATCH,UNVERIFIED_BUILDER
freya,chime,912,freya_chime_I_912_4067_32000b_cntr_bpc.npy,/arc/home/jfaber/baseband_morphologies/chime_dsa_codetections/data/CHIME_bursts/dmphase/freya_chime_I_912_4067_32000b_cntr_bpc.npy,55561c3d9daad2023f876d62e7579ecea987b214022882a6930fe8c242d59f80,131072128,ARC_BYTE_MATCH,UNVERIFIED_BUILDER
hamilton,chime,518,hamilton_chime_I_518_8007_32000b_cntr_bpc.npy,/arc/home/jfaber/baseband_morphologies/chime_dsa_codetections/data/CHIME_bursts/dmphase/hamilton_chime_I_518_8007_32000b_cntr_bpc.npy,86be9081500950735bd3f5d5cdd3370f101c260501f56001bb9cc9ce439652cb,131072128,ARC_BYTE_MATCH,UNVERIFIED_BUILDER
isha,chime,411,isha_chime_I_411_4359_32000b_cntr_bpc.npy,/arc/home/jfaber/baseband_morphologies/chime_dsa_codetections/data/CHIME_bursts/dmphase/isha_chime_I_411_4359_32000b_cntr_bpc.npy,c372d6cb2ef62c1ceca28fb6f130cc6fac253bcf97087c3f0555c3f4580b9c2c,131072128,ARC_BYTE_MATCH,UNVERIFIED_BUILDER
johndoeII,chime,696,johndoeII_chime_I_696_5184_32000b_cntr_bpc.npy,/arc/home/jfaber/baseband_morphologies/chime_dsa_codetections/data/CHIME_bursts/dmphase/johndoeII_chime_I_696_5184_32000b_cntr_bpc.npy,d5f35c8b94de82dbc080938bf8e2ce4b725d189d8e5c66ef83b3ca6c84edede6,131072128,ARC_BYTE_MATCH,UNVERIFIED_BUILDER
mahi,chime,960,mahi_chime_I_960_1316_32000b_cntr_bpc.npy,/arc/home/jfaber/baseband_morphologies/chime_dsa_codetections/data/CHIME_bursts/dmphase/mahi_chime_I_960_1316_32000b_cntr_bpc.npy,be722c48157beb989c53b209f0842e5445f08d7695cba49f23593c6b5d06d61f,131072128,ARC_BYTE_MATCH,UNVERIFIED_BUILDER
oran,chime,397,oran_chime_I_397_0153_32000b_cntr_bpc.npy,/arc/home/jfaber/baseband_morphologies/chime_dsa_codetections/data/CHIME_bursts/dmphase/oran_chime_I_397_0153_32000b_cntr_bpc.npy,73ca14a4d467e7a612cb5c8a9df5d1b17e4dba448e23710663dd1195b0f12092,131072128,ARC_BYTE_MATCH,UNVERIFIED_BUILDER
phineas,chime,610,phineas_chime_I_610_2894_32000b_cntr_bpc.npy,/arc/home/jfaber/baseband_morphologies/chime_dsa_codetections/data/CHIME_bursts/dmphase/phineas_chime_I_610_2894_32000b_cntr_bpc.npy,6f2e3f4c09c131af98dc061e3788fae6817406f4239e77e91dbe209631ebccd7,131072128,ARC_BYTE_MATCH,UNVERIFIED_BUILDER
whitney,chime,462,whitney_chime_I_462_1891_32000b_cntr_bpc.npy,/arc/home/jfaber/baseband_morphologies/chime_dsa_codetections/data/CHIME_bursts/dmphase/whitney_chime_I_462_1891_32000b_cntr_bpc.npy,fb1e5c93291cf35d0b269ebfa6a63409954b4da0aac097b404b926c380f24959,131072128,ARC_BYTE_MATCH,UNVERIFIED_BUILDER
wilhelm,chime,602,wilhelm_chime_I_602_3809_32000b_cntr_bpc.npy,/arc/home/jfaber/baseband_morphologies/chime_dsa_codetections/data/CHIME_bursts/dmphase/wilhelm_chime_I_602_3809_32000b_cntr_bpc.npy,fe64e87f4a0e33b73572ea498a1b6ba2405d38a979a15dc858647b33357e7c65,131072128,ARC_BYTE_MATCH,UNVERIFIED_BUILDER
zach,chime,262,zach_chime_I_262_3621_32000b_cntr_bpc.npy,/arc/home/jfaber/baseband_morphologies/chime_dsa_codetections/data/CHIME_bursts/dmphase/zach_chime_I_262_3621_32000b_cntr_bpc.npy,bf317648879936ce4d019f116c17e0c33a22042610e37bddceef0ba48fe40deb,131072128,ARC_BYTE_MATCH,UNVERIFIED_BUILDER
casey,dsa,491,casey_dsa_I_491_211_2500b_cntr_bpc.npy,/arc/home/jfaber/baseband_morphologies/chime_dsa_codetections/data/DSA_bursts/casey_dsa_I_491_211_2500b_cntr_bpc.npy,5ec04b0d83f66b67209e1539a37e5b917c294784ac85ae6572116fbd319bc4df,122880128,ARC_BYTE_MATCH,UNVERIFIED_BUILDER
chromatica,dsa,272,chromatica_dsa_I_272_368_2500b_cntr_bpc.npy,/arc/home/jfaber/baseband_morphologies/chime_dsa_codetections/data/DSA_bursts/chromatica_dsa_I_272_368_2500b_cntr_bpc.npy,93658a33b0facbc3f753480ea48d216b572cc2e0f8b7adaf7f61b92fdd7fe533,122880128,ARC_BYTE_MATCH,UNVERIFIED_BUILDER
freya,dsa,912,freya_dsa_I_912_4_2500b_cntr_bpc.npy,/arc/home/jfaber/baseband_morphologies/chime_dsa_codetections/data/DSA_bursts/freya_dsa_I_912_4_2500b_cntr_bpc.npy,f01a33531fffd14ac86c9ae1e824b7487df5929b7a4ed735df9e496d41cae705,122880128,ARC_BYTE_MATCH,UNVERIFIED_BUILDER
hamilton,dsa,518,hamilton_dsa_I_518_799_2500b_cntr_bpc.npy,/arc/home/jfaber/baseband_morphologies/chime_dsa_codetections/data/DSA_bursts/hamilton_dsa_I_518_799_2500b_cntr_bpc.npy,6693e3108b93c6c5aa560b0edf649fb4e0260f28db2532690ca9fabb726b8aff,122880128,ARC_BYTE_MATCH,UNVERIFIED_BUILDER
isha,dsa,411,isha_dsa_I_411_568_2500b_cntr_bpc.npy,/arc/home/jfaber/baseband_morphologies/chime_dsa_codetections/data/DSA_bursts/isha_dsa_I_411_568_2500b_cntr_bpc.npy,32499c0e11bed7dc774c02461c1241b5c394cd0d21d79f4bbfaebfda32b57f36,122880128,ARC_BYTE_MATCH,UNVERIFIED_BUILDER
johndoeII,dsa,696,johndoeII_dsa_I_696_506_2500b_cntr_bpc.npy,/arc/home/jfaber/baseband_morphologies/chime_dsa_codetections/data/DSA_bursts/johndoeII_dsa_I_696_506_2500b_cntr_bpc.npy,92279ca8d987e5b3b93582caf2f7116c2ac1ac4a265483b9f483aadbc53f1051,122880128,ARC_BYTE_MATCH,UNVERIFIED_BUILDER
mahi,dsa,960,mahi_dsa_I_960_128_2500b_cntr_bpc.npy,/arc/home/jfaber/baseband_morphologies/chime_dsa_codetections/data/DSA_bursts/mahi_dsa_I_960_128_2500b_cntr_bpc.npy,eb2e3345e0d334ea87d92d17196a96ae56345833ed4e95c2b4cc30a9d159bbf3,122880128,ARC_BYTE_MATCH,UNVERIFIED_BUILDER
oran,dsa,397,oran_dsa_I_396_882_2500b_cntr_bpc.npy,/arc/home/jfaber/baseband_morphologies/chime_dsa_codetections/data/DSA_bursts/oran_dsa_I_396_882_2500b_cntr_bpc.npy,09ae92f6434da213487ffc5f97ff22109fd883b0297b495c593334933e6fb3d0,122880128,ARC_BYTE_MATCH,UNVERIFIED_BUILDER
phineas,dsa,610,phineas_dsa_I_610_274_2500b_cntr_bpc.npy,/arc/home/jfaber/baseband_morphologies/chime_dsa_codetections/data/DSA_bursts/phineas_dsa_I_610_274_2500b_cntr_bpc.npy,33e939485a48af97e87a410e60b3a9ddcc2ff4cd3ce25e7e03aeee6937c72f05,122880128,ARC_BYTE_MATCH,UNVERIFIED_BUILDER
whitney,dsa,462,whitney_dsa_I_462_174_2500b_cntr_bpc.npy,/arc/home/jfaber/baseband_morphologies/chime_dsa_codetections/data/DSA_bursts/whitney_dsa_I_462_174_2500b_cntr_bpc.npy,eb22ca5aa7c966335df38de5c3a07f288bcb6ce9789f74d3c0d54c347b24ce12,122880128,ARC_BYTE_MATCH,UNVERIFIED_BUILDER
wilhelm,dsa,602,wilhelm_dsa_I_602_346_2500b_cntr_bpc.npy,/arc/home/jfaber/baseband_morphologies/chime_dsa_codetections/data/DSA_bursts/wilhelm_dsa_I_602_346_2500b_cntr_bpc.npy,50b8a981bd49730d61939c1cb19f3dfa30fa12256587b6354f4a05e17476fbf3,122880128,ARC_BYTE_MATCH,UNVERIFIED_BUILDER
zach,dsa,262,zach_dsa_I_262_368_2500b_cntr_bpc.npy,/arc/home/jfaber/baseband_morphologies/chime_dsa_codetections/data/DSA_bursts/zach_dsa_I_262_368_2500b_cntr_bpc.npy,be917e94d89134f699c456b9185422e8cfdbf3d935bbcf4d8b2e798d0ea12b01,122880128,ARC_BYTE_MATCH,UNVERIFIED_BUILDER
