nickname,type,obj,source_family,source_release,retrieved_at_utc,stable_source_id,source_row_sha256,query_response_sha256,adopted_z,adopted_z_err,measurement_kind,source_disposition,final_verdict,budget_eligible
zach,halo,195373100910393540,PS1-STRM,PS1-STRM HLSP declination strips p69-p77,2026-07-22T12:11:40+00:00,objID:195373100910393540,190966f587f99adae71a59356d64a0425fa64e28777eae8178d4135fbdf85f59,not_applicable,0.4694,0.0471,photometric,frozen,inconclusive,False
whitney,halo,1472,Legacy Survey/Zhou21,NOIRLab Data Lab ls_dr9.tractor + ls_dr9.photo_z,2026-07-22T12:11:40+00:00,ls_id:9907741763044040,16ebd90f7ac4427177abac692b464b8a32e6a2afd3b1dc983c39449b5f320aee,677c3d47b683ac5448840be971464a8b0166f046ad179d859496e4884348450b,0.5551,0.0455,photometric,frozen,refuted,False
whitney,halo,1473,Legacy Survey/Zhou21,NOIRLab Data Lab ls_dr9.tractor + ls_dr9.photo_z,2026-07-22T12:11:40+00:00,ls_id:9907741763044057,848fb02449c5c6c99a3cbbb845ea3a303c83ec345f77c3785268222ccb37ede0,c2b0540292ffa57f20772b2fe2a13c5d784ae226b3e8a9efa59494bd88161219,0.3585,0.1132,photometric,frozen,confirmed,True
whitney,halo,1582,Legacy Survey/Zhou21,NOIRLab Data Lab ls_dr9.tractor + ls_dr9.photo_z,2026-07-22T12:11:40+00:00,ls_id:9907741763044020,aaedc3ef1a7b0e93e6b87c4798c545563e06ca6d8f300d5fd9914cde097d2727,e1d8377cd0920e9d9a7b729eac83e7ce222526009cfde0ae93db73892eaaa50a,0.4712,0.19,photometric,frozen,inconclusive,False
whitney,halo,196191347354360083,Legacy Survey/Zhou21,NOIRLab Data Lab ls_dr9.tractor + ls_dr9.photo_z,2026-07-22T12:11:40+00:00,ls_id:9907741763044040,16ebd90f7ac4427177abac692b464b8a32e6a2afd3b1dc983c39449b5f320aee,2934dd05d529167f00a2a4eb70ab02610aced3b1e9fed40f7ca029149e76da10,0.5551,0.0455,photometric,frozen,refuted,False
whitney,cluster,"J085546.0+732230, 1160094",DESI,NOIRLab Data Lab desi_dr1.zpix,2026-07-22T12:11:40+00:00,targetid:39633514408182928,d345442127f2c9c53096388b034556e310d5fb8f5f428c427c47a310a5bebbfe,3b6654bf00aef5ff9513dacbe0565bcdb79b772c260e6621718683e3642ade72,0.1277,0.0,spectroscopic,frozen,confirmed,False
whitney,cluster,"J085531.9+732432, 1159975",DESI,NOIRLab Data Lab desi_dr1.zpix,2026-07-22T12:11:40+00:00,targetid:39633516157207233,bfef7e6714c1bfe6c710adf5a69ef9b92bf5b966893a2baacb564aa729fb0856,6ce47f8926add1d3876b7b382858a35cad25fd58a251a0db44a644b0fc7fb35d,0.4023,0.0001,spectroscopic,frozen,confirmed,False
whitney,cluster,"J085808.2+731234, 1161367",DESI,NOIRLab Data Lab desi_dr1.zpix,2026-07-22T12:11:40+00:00,targetid:39633514408185609,c60928e9caae401b0730c8c027be87c72dc2d7689baa05219949fe0357dbfe54,23b0a5a7eb14a58ca02d3d38b44a790fc2396443a552778484d4d3c3bb469c4d,0.2572,0.0,spectroscopic,frozen,confirmed,False
oran,halo,195393180643665627,extension_no_adopted_candidate_redshift,not_applicable,2026-07-22T12:11:40+00:00,not_applicable,not_applicable,not_applicable,,,no_trustworthy_redshift,no adopted redshift,inconclusive,False
wilhelm,halo,194453151328186646,extension_no_adopted_candidate_redshift,not_applicable,2026-07-22T12:11:40+00:00,not_applicable,not_applicable,not_applicable,,,no_trustworthy_redshift,no adopted redshift,inconclusive,False
phineas,halo,832,Legacy Survey/Zhou21,NOIRLab Data Lab ls_dr9.tractor + ls_dr9.photo_z,2026-07-22T12:11:40+00:00,ls_id:9907741567091313,5b03e4cfa1f8e0fffa6b6ec9313f6b90bdca922bc3f30a238e828069077ac4fc,d29806b4a214e3ef740a785b43307e39f36c99bdcd850179233430141ff2181c,0.1925,0.0284,photometric,frozen,confirmed,True
phineas,halo,953,DESI,NOIRLab Data Lab desi_dr1.zpix,2026-07-22T12:11:40+00:00,targetid:39633503620432806,7a3834318302333ee6b73f28526a0eee0e5a9e670ca764e29f5e9c7cb8eb7296,eabf50a3746e1551fb86b76b0bb11308277aa13b1a8f3a2784c3610e3fac9645,0.1991,0.0,spectroscopic,frozen,confirmed,True
phineas,halo,983,Legacy Survey/Zhou21,NOIRLab Data Lab ls_dr9.tractor + ls_dr9.photo_z,2026-07-22T12:11:40+00:00,ls_id:9907741567091553,54db3a08646aeca5d591adb0c65069dba87bbcda299eb33ecd1634a98a838d34,164a8391315be5fbc9a58bc317f3f375f70f01249c587d50ae3c65c15c5804e7,0.1649,0.0585,photometric,frozen,confirmed,True
phineas,halo,986,Legacy Survey/Zhou21,NOIRLab Data Lab ls_dr9.tractor + ls_dr9.photo_z,2026-07-22T12:11:40+00:00,ls_id:9907741567091138,bf28a11ea648aeb26bfaeed892a8801a123bfce52717caa955b1686d3b82ac55,c6f85a6833e610518ea2ba708cd1b327920913e96f5bbca02ac6d26bd088e636,0.2082,0.0667,photometric,frozen,inconclusive,False
phineas,halo,1072,Legacy Survey/Zhou21,NOIRLab Data Lab ls_dr9.tractor + ls_dr9.photo_z,2026-07-22T12:11:40+00:00,ls_id:9907741567091347,db7695337971cf7bd4c45088d4f2ecf5d0724bf5eaa08aa0df5b0121aef55d9b,34dffcd8bab3f3ba7bdcffa2e05ad052d6e51be66a0609b75e82c9ce29947572,0.2996,0.0793,photometric,frozen,inconclusive,False
phineas,halo,1153,DESI,NOIRLab Data Lab desi_dr1.zpix,2026-07-22T12:11:40+00:00,targetid:39633503620432567,179a63648860be823b6e4fe1711ba2caa4dba3be3c3eca7a36de55b1de8fe5fd,05fd4ba206280363acaad282db803e6b474d5363d6038233e4395978a91e23fc,0.2146,0.0,spectroscopic,frozen,confirmed,True
phineas,halo,1190,DESI,NOIRLab Data Lab desi_dr1.zpix,2026-07-22T12:11:40+00:00,targetid:39633503620432581,c1d5029e95e51b1cb64472c317ee48284340c6a674bc06c1e1e1570a0ae1db60,55d6c3d46174086e8af2167b0ccfed20e8065035e027d839dc03986ab4c2e72b,0.1096,0.0,spectroscopic,frozen,confirmed,True
phineas,halo,194021777634832653,Legacy Survey/Zhou21,NOIRLab Data Lab ls_dr9.tractor + ls_dr9.photo_z,2026-07-22T12:11:40+00:00,ls_id:9907741567091313,5b03e4cfa1f8e0fffa6b6ec9313f6b90bdca922bc3f30a238e828069077ac4fc,6cbf70424419cf1c5bec3b7822d885bfbe908fdb6b260700f8be2e01e165ef68,0.1925,0.0284,photometric,frozen,confirmed,True
phineas,halo,194031778315722893,Legacy Survey/Zhou21,NOIRLab Data Lab ls_dr9.tractor + ls_dr9.photo_z,2026-07-22T12:11:40+00:00,ls_id:9907741567091619,8fb275d72fa491824e85fd30406baccb50888a1d3b181a5111e0bef25e0ec41d,6922ea9ef52baa84125d14b144251e898655e9b1bfb3b69aefdce1a4757f99ff,0.8841,0.1155,photometric,frozen,refuted,False
phineas,halo,194041777780157594,DESI,NOIRLab Data Lab desi_dr1.zpix,2026-07-22T12:11:40+00:00,targetid:39633503620432567,179a63648860be823b6e4fe1711ba2caa4dba3be3c3eca7a36de55b1de8fe5fd,1c588831fd645b971bd99f9b613c4ac9715438b24eaebb28bb06af5cb9f368d0,0.2146,0.0,spectroscopic,frozen,confirmed,True
phineas,halo,194051777813062524,DESI,NOIRLab Data Lab desi_dr1.zpix,2026-07-22T12:11:40+00:00,targetid:39633503620432581,c1d5029e95e51b1cb64472c317ee48284340c6a674bc06c1e1e1570a0ae1db60,4a51f77170bcd1d864dd9ef661d16d54b3ef8a374106de29692fc2d7422c0312,0.1096,0.0,spectroscopic,frozen,confirmed,True
phineas,cluster,"J115120.4+714435, 1254337",DESI,NOIRLab Data Lab desi_dr1.zpix,2026-07-22T12:11:40+00:00,targetid:39633503620432753,03789cc296f1e2e84c364d228d2bf02c2672d87835d15e147e591331150d659c,097e803f5b885ee2447d408d39e4e5a513289f47a2b67192b0c88d457f04aeec,0.2,0.0001,spectroscopic,frozen,confirmed,True
phineas,cluster,"J115128.2+713637, 1254415",DESI,NOIRLab Data Lab desi_dr1.zpix,2026-07-22T12:11:40+00:00,targetid:39633501703636074,13a1f1f3728aeb09ac1c21b601e10f94b2358569a493cd0b94824192a1c17407,78dade00dd4dd315b9eceb64b9d909f1a658a92838a77e169e8495972f24a68d,0.1916,0.0001,spectroscopic,frozen,confirmed,False
phineas,cluster,"J114944.0+714348, 1253496",DESI,NOIRLab Data Lab desi_dr1.zpix,2026-07-22T12:11:40+00:00,targetid:39633503616239915,2bcb71cc4121298b7bf7478983a4a08a6c38897ffe4eed35533bda2e5048e497,6044265cf7bc1deed9dae46057a6aeaf7bfc47024cabd7aa7a6d1eae5c3cfa7a,0.244,0.0,spectroscopic,frozen,confirmed,False
phineas,cluster,"J115140.5+712732, 1254506",DESI,NOIRLab Data Lab desi_dr1.zpix,2026-07-22T12:11:40+00:00,targetid:39633501703636447,93857f590b8e1c191200a50e2e2795fb41edc87bf026c7ad06a7db108cc62d73,194418b5c068a4cac5646585f9f01a4681946a5bedf89c148a5b4aff5ef4278c,0.1758,0.0001,spectroscopic,frozen,confirmed,False
phineas,cluster,"J115400.9+713320, 1255773",DESI,NOIRLab Data Lab desi_dr1.zpix,2026-07-22T12:11:40+00:00,targetid:39633501707829654,d7eee90e4c074124f0cd2cb40384c7228ce1b8a77056e22c0ded2def6d9ce02d,2cc52e2fc7721eb70dfd8cc991600de1fed9207e266468ed8917e18bb3c3e499,0.1549,0.0,spectroscopic,frozen,confirmed,False
phineas,cluster,"J115031.4+715735, 1253898",DESI,NOIRLab Data Lab desi_dr1.zpix,2026-07-22T12:11:40+00:00,targetid:39633505512063276,55c26ec2b11c49b02632f6ba42824a8ba7bc641817d1cdb33e98e647afa4f6b6,ca18326689f40403aed4aaae6894e7e5ea540762705b94f8ccf084b20a147cea,0.2696,0.0001,spectroscopic,frozen,confirmed,False
phineas,cluster,"J115436.9+713930, 1256077",DESI,NOIRLab Data Lab desi_dr1.zpix,2026-07-22T12:11:40+00:00,targetid:39633503624627105,f8c82bdb7185e89b9fa09b343b9069efe420483b2d45c43475ef43318af746d8,23e0592873bc1f49495a4876b835e026298f0ee94c28bdf75f4f67c2f2f054ae,0.2628,0.0001,spectroscopic,frozen,confirmed,False
phineas,cluster,"J114928.5+712526, 1253366",DESI,NOIRLab Data Lab desi_dr1.zpix,2026-07-22T12:11:40+00:00,targetid:39633501699443026,21ae0b42c6077ba25ee837f624ca0d339cf1daa2bf16dd68c728cd9b3e66adc7,06c53e0adfad0400405d9d38d05807e90568a9a06fd16d0c158d247f331d4423,-0.0001,0.0,spectroscopic,frozen,confirmed,False
freya,halo,197030881733398302,PS1-STRM,PS1-STRM HLSP declination strips p69-p77,2026-07-22T12:11:40+00:00,objID:197030881733398302,87dcccc8370c027ae81b6171f77ea9df53094032e04545fd73be7833e2ed11f9,not_applicable,0.3047,0.068,photometric,frozen,inconclusive,False
freya,halo,197040882212782495,PS1-STRM,PS1-STRM HLSP declination strips p69-p77,2026-07-22T12:11:40+00:00,objID:197040882212782495,6208dfe94a02806d8108ad7714e38af7b08f14352f2e55865f52b29a7285408a,not_applicable,0.6175,0.1255,photometric,frozen,inconclusive,False
hamilton,halo,192943050854547067,extension_no_adopted_candidate_redshift,not_applicable,2026-07-22T12:11:40+00:00,not_applicable,not_applicable,not_applicable,,,no_trustworthy_redshift,no adopted redshift,inconclusive,False
hamilton,halo,192963050359413614,PS1-STRM,PS1-STRM HLSP declination strips p69-p77,2026-07-22T12:11:40+00:00,objID:192963050359413614,e1e0e0caf7ff4bd76b48cb9cf5712cd0f12c261c99fd473c607b0f89058002cc,not_applicable,0.3079,0.0727,photometric,frozen,inconclusive,False
chromatica,halo,196673126794497004,extension_no_adopted_candidate_redshift,not_applicable,2026-07-22T12:11:40+00:00,not_applicable,not_applicable,not_applicable,,,no_trustworthy_redshift,no adopted redshift,inconclusive,False
chromatica,halo,196723126173351736,PS1-STRM,PS1-STRM HLSP declination strips p69-p77,2026-07-22T12:11:40+00:00,objID:196723126173351736,9d5a9e099ab7f4077ae6a679c27e309aeff53f4790d0ef526dfd1d942c75e764,not_applicable,0.4751,0.0438,photometric,frozen,inconclusive,False
chromatica,halo,196733128040225775,NED,NED object search result,2026-07-22T12:11:40+00:00,ned_name:WISEA J205112.95+735644.9,0271f0d1b7aeb71a1ba12ea4e62eb3087449c65d546ec6501c3307b18c90df86,2c3d04f7d5b7e2da4f0a660350bc92990476ccd26c22549918164ff48ec597c4,0.0543,,spectroscopic,frozen,confirmed,True
casey,halo,192821699728654764,Legacy Survey/Zhou21,NOIRLab Data Lab ls_dr9.tractor + ls_dr9.photo_z,2026-07-22T12:11:40+00:00,ls_id:9907741444212955,bb8a76ddff52c285bf5aac66751de3f2a997dd9d0738fc04bf3e3c57153a32fe,4ed7113a5f8fa53caba1bd5229e251524f4eb0359dccf9caf7b6af303a140b19,0.3747,0.0491,photometric,frozen,refuted,False
casey,halo,192821700026167542,DESI,NOIRLab Data Lab desi_dr1.zpix,2026-07-22T12:11:40+00:00,targetid:39633495756114277,68ba0883cb32097599de4994cafe8da733c21f499e641b260f0187e837e2a1c5,f5379bf82fb418c831567719344561342bef8141e49c06afb16f97bb144b4e4f,0.2028,0.0001,spectroscopic,frozen,confirmed,True
casey,halo,192831699797402822,Legacy Survey/Zhou21,NOIRLab Data Lab ls_dr9.tractor + ls_dr9.photo_z,2026-07-22T12:11:40+00:00,ls_id:9907741444212992,8f353cd35692592a42e102f33ebfabce12dd519f50e17453c29a7f27fecacb37,64107b423c2682d89c852003e1e40af3997def1b7c6c0ad2fce99559730cf703,0.2398,0.012,photometric,frozen,confirmed,True
casey,halo,660,Legacy Survey/Zhou21,NOIRLab Data Lab ls_dr9.tractor + ls_dr9.photo_z,2026-07-22T12:11:40+00:00,ls_id:9907741444213014,adf739482f239e304bcafee6b2cfcfd2f1490740493e26aae2c64d5901bf0527,8ad819f992f368dcd93987c435a6ef325bec54e3f80039161d5ca1a0223b4b86,0.3727,0.067,photometric,frozen,refuted,False
casey,halo,795,Legacy Survey/Zhou21,NOIRLab Data Lab ls_dr9.tractor + ls_dr9.photo_z,2026-07-22T12:11:40+00:00,ls_id:9907741444212955,bb8a76ddff52c285bf5aac66751de3f2a997dd9d0738fc04bf3e3c57153a32fe,d2e799ece33d4d3ad36588f1dda9838eb85f93457bd158832c35ef24a0fe7cc4,0.3747,0.0491,photometric,frozen,refuted,False
casey,halo,796,Legacy Survey/Zhou21,NOIRLab Data Lab ls_dr9.tractor + ls_dr9.photo_z,2026-07-22T12:11:40+00:00,ls_id:9907741444212974,570ab290e76aa187e3a21416547ff109326571154edba7cec8a0a376c9fb60fb,aeae94a85c49ceed3b2a06554d3e4248dda252edf09c8a2d8dc226b07eec4ad1,0.4217,0.0953,photometric,frozen,refuted,False
casey,halo,827,Legacy Survey/Zhou21,NOIRLab Data Lab ls_dr9.tractor + ls_dr9.photo_z,2026-07-22T12:11:40+00:00,ls_id:9907741444212992,8f353cd35692592a42e102f33ebfabce12dd519f50e17453c29a7f27fecacb37,4eb5d735d61c5fa34e611468badc24bbe7fd1d8974a5a7243f641985b36e9e61,0.2398,0.012,photometric,frozen,confirmed,True
casey,halo,824,DESI,NOIRLab Data Lab desi_dr1.zpix,2026-07-22T12:11:40+00:00,targetid:39633495756114277,68ba0883cb32097599de4994cafe8da733c21f499e641b260f0187e837e2a1c5,78a6324461f1871bc704a253798e6bf90698f01a5e914c8586a6f662676f9de9,0.2028,0.0001,spectroscopic,frozen,confirmed,True
casey,halo,825,Legacy Survey/Zhou21,NOIRLab Data Lab ls_dr9.tractor + ls_dr9.photo_z,2026-07-22T12:11:40+00:00,ls_id:9907741444213082,78757ded8bab4725570ebbcea274742c14bfabc7bad56dfe4bc203311bebcec4,9b6a2b603ff2025a8cd14be8dc58c70552ac6221962ebc15b62fed4c0d3b8b9d,0.3483,0.2031,photometric,frozen,inconclusive,False
casey,cluster,"J111929.5+705441, 1237905",DESI,NOIRLab Data Lab desi_dr1.zpix,2026-07-22T12:11:40+00:00,targetid:39633497748409001,e2b6750fcec56450583768a853428e9bf96482f72fd289c95f028d7fea2cc488,de5c73b6b751c31954334cc0737d8338c24eb141cfb7f6fa9637b06ecc366eae,0.2162,0.0001,spectroscopic,frozen,confirmed,False
casey,cluster,"J112235.5+705438, 1239515",DESI,NOIRLab Data Lab desi_dr1.zpix,2026-07-22T12:11:40+00:00,targetid:39633497752603209,8ff359c89b4579d500bc332c1c9243364b81c2d6ec85d1371bae696253441d4e,0e8ab0115df16fced8b9e8bf36a4518c0ec557e5ed1677d78faf21cc7c1cb177,0.2158,0.0,spectroscopic,frozen,confirmed,False
casey,cluster,"J112350.9+704142, 1240175",DESI,NOIRLab Data Lab desi_dr1.zpix,2026-07-22T12:11:40+00:00,targetid:39633495760309668,cd1b10b482ae5d71145f9acf52510a50db8845f9166b37e76a3e4806647b47fd,05bf1d08b62ad88198d7bd341663889e8dc018e95f087933f73bb9758d0de0bc,0.2133,0.0,spectroscopic,frozen,confirmed,False
casey,cluster,"J111930.9+702041, 1237924",DESI,NOIRLab Data Lab desi_dr1.zpix,2026-07-22T12:11:40+00:00,targetid:39633491696026483,5d13cb777032b6245c06c84e8bfd84a1b199a07f25c69760737cfb55b2a0b4cd,6a288dfce3b38a560342277c6d5c911abfe6f8b772af129d1b3770e90519f423,0.0907,0.0,spectroscopic,frozen,confirmed,False
isha,halo,WISEA J044538.83+701843.3,extension_no_adopted_candidate_redshift,not_applicable,2026-07-22T12:11:40+00:00,not_applicable,not_applicable,not_applicable,,,no_trustworthy_redshift,no adopted redshift,inconclusive,False
oran,halo,WISEA J211150.32+724807.8,extension_no_adopted_candidate_redshift,not_applicable,2026-07-22T12:11:40+00:00,not_applicable,not_applicable,not_applicable,,,no_trustworthy_redshift,no adopted redshift,inconclusive,False
phineas,cluster,WHL J115048.0+714428,WHL12,VizieR J/ApJS/199/34/table1,2026-07-22T12:11:40+00:00,recno:63769;WHL:J115048.0+714428,bbc4ca0f54e2b9920102012e6cffa3b76a2d6b98e04be34d89c2a7226be77109,50e63b186e1d61683c170945ada2ba36a43f6570b4300523cc405f39e86a36f5,0.1893,,catalog_cluster,frozen,confirmed,False
