registry_idx,nickname,type,object_id,tns,ra_deg,dec_deg,host_z_spec,best_z,best_z_err,best_z_source,classification,final_verdict,registry_tier,budget_eligible,impact_kpc,m500_1e14msun,r500_mpc,gsc242_status,gsc242_id,gsc242_separation_arcsec,gsc242_candidate_count,gsc242_second_separation_arcsec,gsc242_release,gsc242_retrieved_at_utc,gsc242_snapshot_sha256,gsc242_class,allwise_status,allwise_id,allwise_separation_arcsec,allwise_candidate_count,allwise_second_separation_arcsec,allwise_release,allwise_retrieved_at_utc,allwise_snapshot_sha256,allwise_w1_mag,allwise_w1_err_mag,allwise_w2_mag,allwise_w2_err_mag,allwise_qph,allwise_ccf,allwise_ex,catwise2020_status,catwise2020_id,catwise2020_separation_arcsec,catwise2020_candidate_count,catwise2020_second_separation_arcsec,catwise2020_release,catwise2020_retrieved_at_utc,catwise2020_snapshot_sha256,catwise2020_w1_mag,catwise2020_w1_err_mag,catwise2020_w2_mag,catwise2020_w2_err_mag,catwise2020_pmQual,catwise2020_abf,catwise2020_ccf,catwise2020_ccf_status,unwise_status,unwise_id,unwise_separation_arcsec,unwise_candidate_count,unwise_second_separation_arcsec,unwise_release,unwise_retrieved_at_utc,unwise_snapshot_sha256,unwise_w1_flux,unwise_w1_flux_err,unwise_w2_flux,unwise_w2_flux_err,unwise_q_w1,unwise_q_w2,unwise_ff_w1,unwise_ff_w2,allwise_photometry_status,allwise_extended_source_flag,w1_w2_color_mag,w1_w2_color_err_mag,stern12_status,cluver14_log_mstar,cluver14_log_mstar_err,cluver14_method,cluver14_units,cluver14_authority,cluver14_status,adopted_log_mstar,adopted_log_mstar_err,adopted_mass_authority,adopted_mass_status,m200c_msun,m200c_err_msun,m200c_method,m200c_units,m200c_status,r200c_kpc,r200c_err_kpc,r200c_method,r200c_units,r200c_status,c200c,c200c_status,scale_radius_kpc,scale_radius_status,b_over_r200c
1,zach,halo,195373100910393540,FRB 20220207C,310.0912903,72.81041703,0.043,0.4694,0.0471,PS1-STRM phot,GALAXY,inconclusive,False,False,75.9,,,matched,N1IB037588,0.8044712338190156,1,,GSC 2.4.2,2026-07-21T07:38:07+00:00,3e3ac465807b4998d36030a9771adf4aeae7a35ae7c2bb110ae0c73dab5e31d7,4.0,matched,J204022.09+724837.5,0.8043653110330197,1,,AllWISE,2026-07-21T07:38:07+00:00,44c8f9c5b17b3b37730ba9cc2b4265a5ca0090c8fa867c436f7e0b0b197d7438,18.040000915527344,0.12300000339746475,17.76799964904785,,BUBC,0000,0.0,matched,J204022.10+724838.1,1.0918252390370644,1,,CatWISE2020,2026-07-21T07:38:07+00:00,5d7405609d76a7545dbbdf41c2d4494a762e882379a57ac016be5961ab30d82c,17.634000778198242,0.04935164567082406,17.18400001525879,0.08351816959677918,1N000,00,,not_published_in_vizier_table,matched,3113p726o0025112,0.8962178137696886,1,,unWISE Catalog,2026-07-21T07:38:07+00:00,3b5f039729a6dcf31351bd26207fb50a32f9e1ca11adbe8d2726d4fc06f781cd,94.61699676513672,4.427199840545654,146.6999969482422,16.347000122070312,1.0,1.0,0.8395,0.9127,missing_or_upper_limit,False,,,insufficient_color,,,Cluver14_Eq2,dex(log10_Msun),diagnostic_only,not_rest_frame,,,,unavailable,,,Moster13_Table1_redshift_dependent,Msun,unavailable,,,200_times_critical_density_Planck18,proper_kpc,unavailable,,unavailable,,unavailable,
2,whitney,halo,1472,FRB 20220310F,134.7355716,73.49103487,0.479,0.5551,0.0455,LS/Zhou phot,REX,refuted,False,False,104.0,,,matched,N7UO023653,0.11375075783997214,1,,GSC 2.4.2,2026-07-21T07:38:07+00:00,88e463b01e4b7d0487a2cab2a6282915752284622c9649268b7d2ea346f303c4,3.0,matched,J085856.72+732927.5,0.8217030834901329,1,,AllWISE,2026-07-21T07:38:07+00:00,2a5a424314ce0f4c8a4e4e5742d499d9d8b176207927ad2d943e3ed1d13992cb,16.725000381469727,0.07199999690055847,16.825000762939453,0.24799999594688416,ABUU,0000,0.0,matched,J085856.60+732928.0,0.38190768194125124,1,,CatWISE2020,2026-07-21T07:38:07+00:00,c68cd175141d856adc97ba59a473b7e4f187dc63a2ffd7b0dfcbbfb1b5900ba1,16.799999237060547,0.040000807543720554,16.799999237060547,0.1142880215534873,2N000,00,,not_published_in_vizier_table,matched,1323p742o0001571,0.46947980545882667,1,,unWISE Catalog,2026-07-21T07:38:07+00:00,a4be6f3ecf61b7ad0e9d621ecc4644ba64b516fc11905aafb09804e383612607,185.97000122070312,5.865499973297119,145.6199951171875,21.482999801635742,1.0,1.0,0.8698,0.7259,pass,False,-0.10000038146972656,0.25824019350855315,outside_validated_depth,,,Cluver14_Eq2,dex(log10_Msun),diagnostic_only,not_rest_frame,,,,unavailable,,,Moster13_Table1_redshift_dependent,Msun,unavailable,,,200_times_critical_density_Planck18,proper_kpc,unavailable,,unavailable,,unavailable,
3,whitney,halo,1473,FRB 20220310F,134.7395241,73.4908099,0.479,0.3585,0.1132,LS/Zhou phot,REX,confirmed,True,True,104.8,,,unmatched,,,0,,GSC 2.4.2,2026-07-21T07:38:07+00:00,9db5349fbdafed5c7fa48bb5d2a144ff3164ab4ceafebc19f8a3db76a0a1673d,,unmatched,,,0,,AllWISE,2026-07-21T07:38:07+00:00,9db5349fbdafed5c7fa48bb5d2a144ff3164ab4ceafebc19f8a3db76a0a1673d,,,,,,,,unmatched,,,0,,CatWISE2020,2026-07-21T07:38:07+00:00,9db5349fbdafed5c7fa48bb5d2a144ff3164ab4ceafebc19f8a3db76a0a1673d,,,,,,,,not_published_in_vizier_table,unmatched,,,0,,unWISE Catalog,2026-07-21T07:38:07+00:00,9db5349fbdafed5c7fa48bb5d2a144ff3164ab4ceafebc19f8a3db76a0a1673d,,,,,,,,,match_unmatched,False,,,insufficient_color,,,Cluver14_Eq2,dex(log10_Msun),diagnostic_only,not_rest_frame,9.604533681319118,,desi_ls_sed,pass_uncertainty_unavailable,276142436070.9615,,Moster13_Table1_redshift_dependent,Msun,pass_uncertainty_unavailable,120.87424885174156,,200_times_critical_density_Planck18,proper_kpc,pass_uncertainty_unavailable,8.114088694591413,pass_model_relation,14.896836034379609,pass_model_relation,0.8670167632523826
4,whitney,halo,1582,FRB 20220310F,134.7283841,73.49765201,0.479,0.4712,0.19,LS/Zhou phot,EXP,inconclusive,False,False,183.7,,,unmatched,,,0,,GSC 2.4.2,2026-07-21T07:38:07+00:00,7bd30253af73deb1885e9512adf86446c76ab0a483946586e41eba435ec038ed,,matched,J085854.87+732954.2,2.693763979303751,1,,AllWISE,2026-07-21T07:38:07+00:00,145330d8957a9ddefc9e04ecba9f3e4d559f6fd4c1450f5d24be32b79afb2279,17.645999908447266,0.1469999998807907,17.37299919128418,0.4569999873638153,BCUU,0000,0.0,matched,J085854.81+732954.4,2.9105890116830904,1,,CatWISE2020,2026-07-21T07:38:07+00:00,251f80606fd8844aee7aed4475ea45ddcde6d9aa34b588e4e2440cf4255c254d,18.170000076293945,0.12063735608423659,17.722999572753906,0.26808301352052577,1N000,00,,not_published_in_vizier_table,matched,1323p742o0040961,2.842930493305113,1,,unWISE Catalog,2026-07-21T07:38:07+00:00,4bb23fdd7f48b4f20f5f03ee264e3d97673bb7b461b32d2be638c5a1bcc4af32,56.869998931884766,5.407400131225586,0.0,0.0,1.0,0.0,0.9506,0.0,pass,False,0.27300071716308594,0.48006040079919093,outside_validated_depth,,,Cluver14_Eq2,dex(log10_Msun),diagnostic_only,not_rest_frame,,,,unavailable,,,Moster13_Table1_redshift_dependent,Msun,unavailable,,,200_times_critical_density_Planck18,proper_kpc,unavailable,,unavailable,,unavailable,
5,whitney,halo,196191347354360083,FRB 20220310F,134.7356692,73.491054,0.479,0.5551,0.0455,LS/Zhou phot,REX,refuted,False,False,103.3,,,matched,N7UO023653,0.007612199769662467,1,,GSC 2.4.2,2026-07-21T07:38:07+00:00,f8cf54e3edf1c85388c0d463eda5ea3c709e86105331830c2b38feecbdf01bf5,3.0,matched,J085856.72+732927.5,0.7477938884488756,1,,AllWISE,2026-07-21T07:38:07+00:00,26bddb29a94e043d3ff2704a1cb50e755eb007051915fc6dd0961d43171ae69b,16.725000381469727,0.07199999690055847,16.825000762939453,0.24799999594688416,ABUU,0000,0.0,matched,J085856.60+732928.0,0.2641577247676446,1,,CatWISE2020,2026-07-21T07:38:07+00:00,e837d000f2804885efb932d66ebab02d9a5fec6c7b0f495167fe17ae8aadd17f,16.799999237060547,0.040000807543720554,16.799999237060547,0.1142880215534873,2N000,00,,not_published_in_vizier_table,matched,1323p742o0001571,0.3783938996381468,1,,unWISE Catalog,2026-07-21T07:38:07+00:00,6fbd37a3aa053b71f93196571a400e087b97138520eac288a7207e9944258564,185.97000122070312,5.865499973297119,145.6199951171875,21.482999801635742,1.0,1.0,0.8698,0.7259,pass,False,-0.10000038146972656,0.25824019350855315,outside_validated_depth,,,Cluver14_Eq2,dex(log10_Msun),diagnostic_only,not_rest_frame,,,,unavailable,,,Moster13_Table1_redshift_dependent,Msun,unavailable,,,200_times_critical_density_Planck18,proper_kpc,unavailable,,unavailable,,unavailable,
6,whitney,cluster,"J085546.0+732230, 1160094",FRB 20220310F,133.94167,73.37494,0.479,0.1277,0.0,DESI spec,cluster,confirmed,True,False,2039.4,0.64,0.519,matched,N7TS012164,0.056724053371488045,2,0.5323431434011545,GSC 2.4.2,2026-07-21T07:38:07+00:00,d04ebf31a75bcac07ed296ba041a9c153acc831ee613573042bd4bd8c0a21c97,3.0,matched,J085546.03+732229.8,0.15394823901412885,1,,AllWISE,2026-07-21T07:38:07+00:00,22851ab679103b44a39030d7a09b98db64cf6e2dcb287409bb70cd707089cd97,13.706000328063965,0.02500000037252903,13.484000205993652,0.029999999329447746,AAAC,0000,5.0,matched,J085546.14+732227.9,1.8851761703798215,1,,CatWISE2020,2026-07-21T07:38:07+00:00,6fa2fac07ef164ebfa14a3760c73cf0fe6da5cd8cbeeb517f0f27f2acc289835,14.513999938964844,0.020357553839214927,14.265999794006348,0.021714724095162587,3N000,00,,not_published_in_vizier_table,matched,1313p726o0027983,0.5209190928291973,2,1.692207365652885,unWISE Catalog,2026-07-21T07:38:07+00:00,c38734b50f31b375fd845e02d6fc9af9a575ab1039cf583283118283f82da5a2,1970.5,10.925000190734863,2132.199951171875,30.332000732421875,1.0,1.0,0.6189,0.5233,pass,True,0.2220001220703125,0.03905124810288804,not_selected_within_depth,,,Cluver14_Eq2,dex(log10_Msun),diagnostic_only,not_rest_frame,,,cluster_catalog_M500_R500,not_applicable_cluster,,,not_computed_without_cluster_conversion_model,Msun,not_applicable_cluster,,,not_computed_without_cluster_conversion_model,proper_kpc,not_applicable_cluster,,not_applicable_cluster,,not_applicable_cluster,
7,whitney,cluster,"J085531.9+732432, 1159975",FRB 20220310F,133.88272,73.40887,0.479,0.4023,0.0001,DESI spec,cluster,confirmed,True,False,5210.8,0.9,0.577,matched,N7TS009034,0.016220655767205557,3,0.6969196081163254,GSC 2.4.2,2026-07-21T07:38:07+00:00,518ef5644e9da934efb9516f1ad3fc784e4f0a8189d3ac06d5a590c71746ea32,3.0,matched,J085532.04+732431.8,0.8447119109850115,1,,AllWISE,2026-07-21T07:38:07+00:00,2be1caf8bf2eb3f130f55237ac8819e3d1a01234f057f26228a296b58e757851,14.861000061035156,0.03099999949336052,14.607999801635742,0.050999999046325684,AACU,0000,0.0,matched,J085531.74+732431.8,0.510623190931676,1,,CatWISE2020,2026-07-21T07:38:07+00:00,41d982ad48faf9927c878c6c331bac4f20046f7450ec78f75b959e63861b674d,15.0649995803833,0.023100770314002754,14.927000045776367,0.029610987402494442,3N000,00,,not_published_in_vizier_table,matched,1362p726o0028413,0.17109851095985884,2,1.215071267291033,unWISE Catalog,2026-07-21T07:38:07+00:00,433712836596574bdd7eb1cf78fc10a251f60c5845ed67f9c0498ebf2781cb34,982.3400268554688,7.96750020980835,895.5700073242188,23.871000289916992,1.0,1.0,0.8173,0.7571,pass,False,0.25300025939941406,0.05968249216741517,not_selected_within_depth,,,Cluver14_Eq2,dex(log10_Msun),diagnostic_only,not_rest_frame,,,cluster_catalog_M500_R500,not_applicable_cluster,,,not_computed_without_cluster_conversion_model,Msun,not_applicable_cluster,,,not_computed_without_cluster_conversion_model,proper_kpc,not_applicable_cluster,,not_applicable_cluster,,not_applicable_cluster,
8,whitney,cluster,"J085808.2+731234, 1161367",FRB 20220310F,134.53415,73.20953,0.479,0.2572,0.0,DESI spec,cluster,confirmed,True,False,5690.0,0.56,0.591,ambiguous,N7UO006290,0.024196814673230295,2,0.03200378626653822,GSC 2.4.2,2026-07-21T07:38:07+00:00,1079aa736f614303b7866902cfbbf0fd8c93e441c68cb575126d5925e2f7d3ef,3.0,matched,J085808.19+731234.3,0.0644784141738145,1,,AllWISE,2026-07-21T07:38:07+00:00,3b25a6d08334520bd1fc8e272c3df7427bd4161c6d48774416a34ff0bb2fb7cc,15.199999809265137,0.032999999821186066,15.11400032043457,0.06599999964237213,AAUU,0000,0.0,matched,J085808.32+731235.0,0.9143514034779712,2,2.3220101357003555,CatWISE2020,2026-07-21T07:38:07+00:00,3107ce17e5a4253a002ef2dfe9cdff094c25fa2f6146730f1a74092d34adaec9,15.5,0.086169540060169,15.406999588012695,0.09441184389201127,3N000,00,,not_published_in_vizier_table,matched,1362p726o0024398,0.6981354089075794,1,,unWISE Catalog,2026-07-21T07:38:07+00:00,95aa958cf88440090676a9edf1dc4e973330ea178d112111c9acfc6d1768e51a,707.8800048828125,7.38700008392334,949.9500122070312,23.87700080871582,1.0,1.0,0.8213,0.9592,pass,False,0.0859994888305664,0.07379024285765294,outside_validated_depth,,,Cluver14_Eq2,dex(log10_Msun),diagnostic_only,not_rest_frame,,,cluster_catalog_M500_R500,not_applicable_cluster,,,not_computed_without_cluster_conversion_model,Msun,not_applicable_cluster,,,not_computed_without_cluster_conversion_model,proper_kpc,not_applicable_cluster,,not_applicable_cluster,,not_applicable_cluster,
9,oran,halo,195393180643665627,FRB 20220506D,318.0644375,72.82904878,0.3005,,,PS1-STRM,UNSURE,inconclusive,False,False,73.9,,,matched,N1G0052835,1.026930387321511,1,,GSC 2.4.2,2026-07-21T07:38:07+00:00,4b165aaaffedbc734e0b7c9921a6291bf46661c5fff80712e4bffcff1ca0355f,4.0,matched,J211215.65+724944.0,1.027019495310569,1,,AllWISE,2026-07-21T07:38:07+00:00,cadc84f6c3aae3e2f1eb1975665c9f6499cb7b8957f84c25c87c44dc60be3285,16.19700050354004,0.039000000804662704,15.854999542236328,0.07199999690055847,AABC,00PP,0.0,matched,J211215.65+724943.8,1.0836446720712598,1,,CatWISE2020,2026-07-21T07:38:07+00:00,42d48fefbec08697ad102a6de31045fdf2342428a1848df1dc809e353624540d,16.187000274658203,0.022353392450902662,15.932000160217285,0.0258508620180507,1N000,00,,not_published_in_vizier_table,matched,3162p726o0026810,1.1754082535563934,1,,unWISE Catalog,2026-07-21T07:38:07+00:00,0e5fc6ca43ce04af6658a65be3e4fd4d12b3ebfb516d5bee9d09cdfdb2669a88,360.4200134277344,5.271399974822998,477.0,17.80500030517578,1.0,1.0,0.9704,0.9742,pass,False,0.34200096130371094,0.08188406204167037,outside_validated_depth,,,Cluver14_Eq2,dex(log10_Msun),diagnostic_only,not_rest_frame,,,,unavailable,,,Moster13_Table1_redshift_dependent,Msun,unavailable,,,200_times_critical_density_Planck18,proper_kpc,unavailable,,unavailable,,unavailable,
10,wilhelm,halo,194453151328186646,FRB 20221203A,315.1329059,72.04657361,,,,PS1-STRM,UNSURE,inconclusive,False,False,232.0,,,matched,N1J7038830,0.033638334037637295,1,,GSC 2.4.2,2026-07-21T07:38:07+00:00,fae3511aa28d1aa1e59da16110b04a73c7e69fd6302015a52546e05ed9845248,3.0,matched,J210031.94+720247.6,0.21520894156710976,1,,AllWISE,2026-07-21T07:38:07+00:00,5885c004b341b2a8bedda07dfa0b71bdcbecbc3a366553553b1096bd326b3f3a,16.797000885009766,0.050999999046325684,16.628000259399414,0.12300000339746475,ABUU,0000,0.0,matched,J210031.90+720247.7,0.09136439438217674,1,,CatWISE2020,2026-07-21T07:38:07+00:00,5956f7c76972c52a5bf09afa0e05c3675e8759a1d920bef07008193a6ea8b081,16.72800064086914,0.027143405118953235,16.299999237060547,0.03619120682527098,1N000,00,,not_published_in_vizier_table,matched,3162p726o0004000,0.26006506865376794,1,,unWISE Catalog,2026-07-21T07:38:07+00:00,243c379a2017dbd9842db24a95f23c1a6f9108e0fd048312499148c2156a44f1,223.08999633789062,4.760799884796143,314.6600036621094,16.5939998626709,1.0,1.0,0.9653,0.9721,pass,False,0.16900062561035156,0.13315404890014257,outside_validated_depth,,,Cluver14_Eq2,dex(log10_Msun),diagnostic_only,not_rest_frame,,,,unavailable,,,Moster13_Table1_redshift_dependent,Msun,unavailable,,,200_times_critical_density_Planck18,proper_kpc,unavailable,,unavailable,,unavailable,
11,phineas,halo,832,FRB 20230307A,177.7635672,71.68486398,0.271,0.1925,0.0284,LS/Zhou phot,DEV,confirmed,True,True,158.8,,,matched,N77R002453,0.015295470076492764,1,,GSC 2.4.2,2026-07-21T07:38:07+00:00,e8f6654fd4557067ba55ba19f03283ee5d1497b6e93a11af886b45ea671a963e,3.0,matched,J115103.10+714104.5,1.1926490255911038,1,,AllWISE,2026-07-21T07:38:07+00:00,55ed100afb5bf07ce99d1043016d6e23aa6a79e243548551fdb6deddc8b36ae0,16.80299949645996,0.07100000232458115,16.413999557495117,0.16099999845027924,ABUU,0000,0.0,matched,J115103.25+714105.2,0.20544253924108466,1,,CatWISE2020,2026-07-21T07:38:07+00:00,b33ab9306ba519d8566c4d8152f855d4b44e738f8b423001a036a93ca107aa25,16.738000869750977,0.03257208614274388,16.333999633789062,0.07487835894883652,3N000,00,,not_published_in_vizier_table,ambiguous,1755p711o0027955,0.2281929912214485,2,0.22829013081583782,unWISE Catalog,2026-07-21T07:38:07+00:00,4e7a71d930b6c97987baf941b804451d62443a82f35bcb6f03772f20a3784f0d,185.50999450683594,5.4842000007629395,305.5899963378906,20.336000442504883,1.0,1.0,0.8609,0.9052,pass,False,0.38899993896484375,0.17596022229776945,outside_validated_depth,,,Cluver14_Eq2,dex(log10_Msun),diagnostic_only,not_rest_frame,10.21053284051532,,ps1_taylor,pass_uncertainty_unavailable,542273443718.04755,,Moster13_Table1_redshift_dependent,Msun,pass_uncertainty_unavailable,161.1874408532471,,200_times_critical_density_Planck18,proper_kpc,pass_uncertainty_unavailable,8.243603134390915,pass_model_relation,19.55303260303743,pass_model_relation,0.9851884188953609
12,phineas,halo,953,FRB 20230307A,177.8314024,71.69336919,0.271,0.1991,0.0,DESI spec,REX,confirmed,True,True,242.7,,,matched,N77R002501,0.03253854764484442,2,1.8237571258203993,GSC 2.4.2,2026-07-21T07:38:07+00:00,54dc1914b6cad48228251edf28fedd1f37d1620eaeb4ac25baf40b8162fa6bf4,3.0,matched,J115119.58+714136.0,0.24092074219898135,1,,AllWISE,2026-07-21T07:38:07+00:00,6048c660ab2337e2d728c2b23b3e0b9c6e3c19c7b85dabe82d628969d3821abd,16.22800064086914,0.050999999046325684,15.75100040435791,0.0989999994635582,AABU,0000,0.0,matched,J115119.51+714136.0,0.15260281791828212,1,,CatWISE2020,2026-07-21T07:38:07+00:00,ddc43ef03eaea48c509dfb68de39000e80b2668d1db81fdb314f8e778386fd85,16.180999755859375,0.022353392450902662,15.777999877929688,0.04431576345951548,3N000,00,,not_published_in_vizier_table,ambiguous,1800p711o0027202,0.15205110658788965,2,0.16681784920511464,unWISE Catalog,2026-07-21T07:38:07+00:00,41ce5b8c799597a1c3ea4f33c1b629a6a023dc20a3ce2c37fd987f93bc412043,307.2799987792969,5.8769001960754395,525.7000122070312,21.052000045776367,1.0,1.0,0.8418,0.9723,pass,False,0.47700023651123047,0.11136426624599896,outside_validated_depth,,,Cluver14_Eq2,dex(log10_Msun),diagnostic_only,not_rest_frame,10.085944864627542,,ps1_taylor,pass_uncertainty_unavailable,449400078853.2408,,Moster13_Table1_redshift_dependent,Msun,pass_uncertainty_unavailable,151.03980711881184,,200_times_critical_density_Planck18,proper_kpc,pass_uncertainty_unavailable,8.368030929694623,pass_model_relation,18.049623428474085,pass_model_relation,1.6068611621642621
13,phineas,halo,983,FRB 20230307A,177.8163208,71.69501131,0.271,0.1649,0.0585,LS/Zhou phot,EXP,confirmed,True,True,122.2,,,ambiguous,N77R018963,0.15111536379756133,4,0.3788106923917917,GSC 2.4.2,2026-07-21T07:38:07+00:00,5d00818592db8f4398c16af4752f940bab840a89a378475f060e2cb31099c334,3.0,matched,J115116.47+714142.6,2.678025192010521,1,,AllWISE,2026-07-21T07:38:07+00:00,e0c6366bbbd216097f80ea2fe97cac0a8a2b8654b4430c031152de04895ae90c,17.972999572753906,0.1809999942779541,17.756000518798828,,BUUU,0000,0.0,matched,J115115.99+714142.1,0.3847496437506641,1,,CatWISE2020,2026-07-21T07:38:07+00:00,a32dac62c226b9d1a2eec9125e9359c43f67cc92c5346c0fbecdf05ee35cec33,18.35099983215332,0.11801480486501406,18.615999221801758,0.603186780421183,1N000,00,,not_published_in_vizier_table,ambiguous,1800p711o0080186,0.20809723060728713,2,0.4738357585369858,unWISE Catalog,2026-07-21T07:38:07+00:00,619d5a7988a649feac1a2ad656bb64fb4006424fc883ca0ae5ef75719fdbcee0,45.32400131225586,5.003699779510498,0.0,0.0,1.0,0.0,0.7587,0.0,missing_or_upper_limit,False,,,insufficient_color,,,Cluver14_Eq2,dex(log10_Msun),diagnostic_only,not_rest_frame,8.944123958400086,,ps1_taylor,pass_uncertainty_unavailable,112787184570.15146,,Moster13_Table1_redshift_dependent,Msun,pass_uncertainty_unavailable,96.45747262524745,,200_times_critical_density_Planck18,proper_kpc,pass_uncertainty_unavailable,9.716329657677244,pass_model_relation,9.927356936580749,pass_model_relation,1.2668795550425247
14,phineas,halo,986,FRB 20230307A,177.7309593,71.69534656,0.271,0.2082,0.0667,LS/Zhou phot,REX,inconclusive,False,False,203.4,,,matched,N77R002535,0.04943538237107985,1,,GSC 2.4.2,2026-07-21T07:38:07+00:00,c8da0261c0bb9a8ccea646dbd0c05937dfb560294b23439d24b94f8b8ae4d834,3.0,matched,J115055.49+714144.4,1.2166159736859048,1,,AllWISE,2026-07-21T07:38:07+00:00,ec690ea056001afdfe1ec41483466c26caa389bca6e14379eba930aa2b1a2475,17.893999099731445,0.17299999296665192,17.100000381469727,,BUUU,0000,0.0,matched,J115055.43+714143.0,0.14013927117495162,1,,CatWISE2020,2026-07-21T07:38:07+00:00,86373b84847f0db7285f28ade7a1ec6258a8e2142d333cc7e5ccfdcc812faa6f,17.83099937438965,0.07336055437554928,17.47800064086914,0.21714724095162588,1N000,00,,not_published_in_vizier_table,ambiguous,1800p711o0027275,0.15407265307100199,2,0.2378642051787838,unWISE Catalog,2026-07-21T07:38:07+00:00,7ab85ea1a0248f944a1117e19cefc7aac0a690e9bba5e178d28bb541ecafd570,71.7979965209961,5.093100070953369,115.11000061035156,19.652000427246094,1.0,1.0,0.8536,0.8707,missing_or_upper_limit,False,,,insufficient_color,,,Cluver14_Eq2,dex(log10_Msun),diagnostic_only,not_rest_frame,9.576963911883936,,ps1_taylor,pass_uncertainty_unavailable,235777448347.26843,,Moster13_Table1_redshift_dependent,Msun,pass_uncertainty_unavailable,121.41365992242164,,200_times_critical_density_Planck18,proper_kpc,pass_uncertainty_unavailable,8.86268805854231,pass_model_relation,13.699417052752635,pass_model_relation,1.675264547086088
15,phineas,halo,1072,FRB 20230307A,177.7704447,71.70050655,0.271,0.2996,0.0793,LS/Zhou phot,EXP,inconclusive,False,False,105.2,,,ambiguous,N77R030545,0.2091870820347574,2,0.27891746248975585,GSC 2.4.2,2026-07-21T07:38:07+00:00,ef5f21cb6e907a6315b3c7b1e35965bfbaff8cabe370be7bcc90b325e656c446,3.0,unmatched,,,0,,AllWISE,2026-07-21T07:38:07+00:00,7758af55510d445f8f029be8f7c4c38927ac6670972281471b8d22e61965ef60,,,,,,,,matched,J115104.76+714200.9,1.1206490522276125,1,,CatWISE2020,2026-07-21T07:38:07+00:00,6595c719825e51385d939f2dc77a6fb0d777f95a3df46cc222934705a13f9399,18.267000198364258,0.11078940864878871,17.724000930786133,0.26808301352052577,1N000,00,,not_published_in_vizier_table,ambiguous,1755p711o0056823,0.7944991186119452,2,0.8089398608704605,unWISE Catalog,2026-07-21T07:38:07+00:00,49fb2690db37184ae51953bda9fcdbd513db741f1f7ec1ce536c85614eac8b95,53.52199935913086,5.0447001457214355,0.0,0.0,1.0,0.0,0.8679,0.0,match_unmatched,False,,,insufficient_color,,,Cluver14_Eq2,dex(log10_Msun),diagnostic_only,not_rest_frame,9.538662143939131,,ps1_taylor,pass_uncertainty_unavailable,244236044741.73566,,Moster13_Table1_redshift_dependent,Msun,pass_uncertainty_unavailable,118.70373872064467,,200_times_critical_density_Planck18,proper_kpc,pass_uncertainty_unavailable,8.447766174666105,pass_model_relation,14.051494355587604,pass_model_relation,0.886239988174053
16,phineas,halo,1153,FRB 20230307A,177.7780541,71.70559219,0.271,0.2146,0.0,DESI spec,REX,confirmed,True,True,135.8,,,matched,N77R002597,0.020327514856280357,1,,GSC 2.4.2,2026-07-21T07:38:07+00:00,a07166b6eb4ec0e8fa80515fd16366c44df96647aa5b69399618d60ee9d97b78,3.0,matched,J115106.76+714220.0,0.16642912270386565,1,,AllWISE,2026-07-21T07:38:07+00:00,38f145529ca3ea50a4d8a227a716e53f2eac1e20c70128632bf4ef1e8eac2bea,16.038999557495117,0.04500000178813934,15.722000122070312,0.10000000149011612,AAUU,0000,0.0,matched,J115106.75+714220.0,0.05694781865198459,1,,CatWISE2020,2026-07-21T07:38:07+00:00,26a8870f0cc05c94260c44873a1531f7a65618e710952599598256ccdea5b20f,16.033000946044922,0.02227151189247445,15.765000343322754,0.04431576345951548,1N000,00,,not_published_in_vizier_table,ambiguous,1755p711o0028408,0.05638221027683437,2,0.08833197053699905,unWISE Catalog,2026-07-21T07:38:07+00:00,3fa7962102f33a426094d371c760dadbd894c6e4214e5e662ca3344d030a3d86,403.2099914550781,6.060100078582764,497.7300109863281,21.073999404907227,1.0,1.0,0.9664,0.9673,pass,False,0.3169994354248047,0.1096585630899647,outside_validated_depth,,,Cluver14_Eq2,dex(log10_Msun),diagnostic_only,not_rest_frame,10.672284480542231,,ps1_taylor,pass_uncertainty_unavailable,1707590432605.2102,,Moster13_Table1_redshift_dependent,Msun,pass_uncertainty_unavailable,234.35417571626624,,200_times_critical_density_Planck18,proper_kpc,pass_uncertainty_unavailable,7.314318626770591,pass_model_relation,32.04046578700086,pass_model_relation,0.5794648189431613
17,phineas,halo,1190,FRB 20230307A,177.7811216,71.70977541,0.271,0.1096,0.0,DESI spec,DEV,confirmed,True,True,121.1,,,matched,N77R002619,2.945115839345997e-05,1,,GSC 2.4.2,2026-07-21T07:38:07+00:00,9bd56662c0c7427142945269bce6e47d68ded344855447dd3dd0b62bd243d80c,0.0,matched,J115107.45+714235.2,0.13009361285523843,1,,AllWISE,2026-07-21T07:38:07+00:00,1fe16cb4fe4c2e8208650c441429c1ef7bfa579cce09ca84eedc3288ac4be003,15.718000411987305,0.03999999910593033,15.482999801635742,0.08399999886751175,AAUU,0000,0.0,matched,J115107.54+714235.7,0.6511721553524277,1,,CatWISE2020,2026-07-21T07:38:07+00:00,49e8f1335b9e608744a87bddc5eb0d656b26ebd1b2da63b2b1ab6826698b913d,15.598999977111816,0.016847630763488216,15.510000228881836,0.0344678160240676,3N000,00,,not_published_in_vizier_table,matched,1800p711o0027563,0.11844120001100787,3,0.9896989268947373,unWISE Catalog,2026-07-21T07:38:07+00:00,d8ea488b9b239a9c06f96af6e44a31e9c306b088594a9832ac4b5a91e3a87466,572.8499755859375,6.475800037384033,656.7899780273438,21.410999298095703,1.0,1.0,0.9578,0.9575,pass,False,0.2350006103515625,0.09303762539003456,outside_validated_depth,,,Cluver14_Eq2,dex(log10_Msun),diagnostic_only,not_rest_frame,9.988535708575595,,ps1_taylor,pass_uncertainty_unavailable,356081744303.46747,,Moster13_Table1_redshift_dependent,Msun,pass_uncertainty_unavailable,144.27622828823223,,200_times_critical_density_Planck18,proper_kpc,pass_uncertainty_unavailable,8.912524547990426,pass_model_relation,16.18803151804651,pass_model_relation,0.8393621141666441
18,phineas,halo,194021777634832653,FRB 20230307A,177.7635678,71.68486803,0.271,0.1925,0.0284,LS/Zhou phot,DEV,confirmed,True,True,130.6,,,matched,N77R002453,0.0012564604938010817,1,,GSC 2.4.2,2026-07-21T07:38:07+00:00,71d45e76ae857539b65edb289b9ada7d1f27101f68e934054fe9be9e4e1b3574,3.0,matched,J115103.10+714104.5,1.204966236797435,1,,AllWISE,2026-07-21T07:38:07+00:00,c5626ce7529444ef5a8dfd3b9f2998579d178acb41beac13a8c0e4a1971afc3e,16.80299949645996,0.07100000232458115,16.413999557495117,0.16099999845027924,ABUU,0000,0.0,matched,J115103.25+714105.2,0.21983143540469127,1,,CatWISE2020,2026-07-21T07:38:07+00:00,0cf4db4950fe49892e823522ac0f900dd35ddec5a6cd5cb309541c4536ce7fac,16.738000869750977,0.03257208614274388,16.333999633789062,0.07487835894883652,3N000,00,,not_published_in_vizier_table,ambiguous,1755p711o0027955,0.24247012837375034,2,0.2428846140749883,unWISE Catalog,2026-07-21T07:38:07+00:00,50ee16773f13cbaf9bf543e8496769b8564ef666112ad4de29699e1997197ed1,185.50999450683594,5.4842000007629395,305.5899963378906,20.336000442504883,1.0,1.0,0.8609,0.9052,pass,False,0.38899993896484375,0.17596022229776945,outside_validated_depth,,,Cluver14_Eq2,dex(log10_Msun),diagnostic_only,not_rest_frame,10.21053284051532,,ps1_taylor,pass_uncertainty_unavailable,542273443718.04755,,Moster13_Table1_redshift_dependent,Msun,pass_uncertainty_unavailable,161.1874408532471,,200_times_critical_density_Planck18,proper_kpc,pass_uncertainty_unavailable,8.243603134390915,pass_model_relation,19.55303260303743,pass_model_relation,0.8102368230965624
19,phineas,halo,194031778315722893,FRB 20230307A,177.8313746,71.7,0.271,0.8841,0.1155,LS/Zhou phot,REX,refuted,False,False,195.9,,,matched,N77R026264,2.3410280927481466,1,,GSC 2.4.2,2026-07-21T07:38:07+00:00,acaa9ba5623756a9d3ffc0e909aca6f0ae7e9e3ca068b9db033861ef14b8d5ff,3.0,unmatched,,,0,,AllWISE,2026-07-21T07:38:07+00:00,4df7f30d67349fc3abd267062be0bee528923c9f2ced9afa20ad3bb403bf19c8,,,,,,,,unmatched,,,0,,CatWISE2020,2026-07-21T07:38:07+00:00,4df7f30d67349fc3abd267062be0bee528923c9f2ced9afa20ad3bb403bf19c8,,,,,,,,not_published_in_vizier_table,unmatched,,,0,,unWISE Catalog,2026-07-21T07:38:07+00:00,4df7f30d67349fc3abd267062be0bee528923c9f2ced9afa20ad3bb403bf19c8,,,,,,,,,match_unmatched,False,,,insufficient_color,,,Cluver14_Eq2,dex(log10_Msun),diagnostic_only,not_rest_frame,10.223109231721136,,wise_w1,pass_uncertainty_unavailable,836026140622.4784,,Moster13_Table1_redshift_dependent,Msun,pass_uncertainty_unavailable,141.53339138697655,,200_times_critical_density_Planck18,proper_kpc,pass_uncertainty_unavailable,5.8323778920754386,pass_model_relation,24.266841759221506,pass_model_relation,1.3841256687220602
20,phineas,halo,194041777780157594,FRB 20230307A,177.7780675,71.70558959,0.271,0.2146,0.0,DESI spec,REX,confirmed,True,True,111.8,,,matched,N77R002597,0.005020366374626474,1,,GSC 2.4.2,2026-07-21T07:38:07+00:00,7d9b41f0ad7de698c1ed3aca32f92741a90f47c45fabd907c62fe151e780873b,3.0,matched,J115106.76+714220.0,0.14889230609162496,1,,AllWISE,2026-07-21T07:38:07+00:00,3fe49f86a515a87b987da28fc5882292b832f2ebe2f36dc5a94e6f861f8dd7dd,16.038999557495117,0.04500000178813934,15.722000122070312,0.10000000149011612,AAUU,0000,0.0,matched,J115106.75+714220.0,0.03939074272192437,1,,CatWISE2020,2026-07-21T07:38:07+00:00,d7e97d400e983d3a0c0bcafeb48ab0de90343558e508b634623f224fe5138e89,16.033000946044922,0.02227151189247445,15.765000343322754,0.04431576345951548,1N000,00,,not_published_in_vizier_table,ambiguous,1755p711o0028408,0.06153371650881922,2,0.09193481551744913,unWISE Catalog,2026-07-21T07:38:07+00:00,fc84fffe1c68ed45bd4380c19fc66237adff07dbd6bc0f94f61336c490ee0b55,403.2099914550781,6.060100078582764,497.7300109863281,21.073999404907227,1.0,1.0,0.9664,0.9673,pass,False,0.3169994354248047,0.1096585630899647,outside_validated_depth,,,Cluver14_Eq2,dex(log10_Msun),diagnostic_only,not_rest_frame,10.672284480542231,,ps1_taylor,pass_uncertainty_unavailable,1707590432605.2102,,Moster13_Table1_redshift_dependent,Msun,pass_uncertainty_unavailable,234.35417571626624,,200_times_critical_density_Planck18,proper_kpc,pass_uncertainty_unavailable,7.314318626770591,pass_model_relation,32.04046578700086,pass_model_relation,0.47705571986631384
21,phineas,halo,194051777813062524,FRB 20230307A,177.7811322,71.70977418,0.271,0.1096,0.0,DESI spec,DEV,confirmed,True,True,101.7,,,matched,N77R002619,0.012738762627833503,1,,GSC 2.4.2,2026-07-21T07:38:07+00:00,7bdb7e5e99f8e6c121120ba05893acb4470f9a04a53d9ccd4e91f81c2c93091c,0.0,matched,J115107.45+714235.2,0.1408453255867008,1,,AllWISE,2026-07-21T07:38:07+00:00,13a8c2bce5919576bdab36d7bb02fc05aa6ee289692be27c284988bd48be55ee,15.718000411987305,0.03999999910593033,15.482999801635742,0.08399999886751175,AAUU,0000,0.0,matched,J115107.54+714235.7,0.6495950030415102,1,,CatWISE2020,2026-07-21T07:38:07+00:00,cf3447df3fbcbc2f0bfa43947a30d6165d56ac2836f60b72daf5c5b9153a16ba,15.598999977111816,0.016847630763488216,15.510000228881836,0.0344678160240676,3N000,00,,not_published_in_vizier_table,matched,1800p711o0027563,0.1106982996071301,3,0.9866526102188269,unWISE Catalog,2026-07-21T07:38:07+00:00,e8bc30971cfcded57a210090b6a3ef04744bba27841d69e98acf8e1c3fb9d38b,572.8499755859375,6.475800037384033,656.7899780273438,21.410999298095703,1.0,1.0,0.9578,0.9575,pass,False,0.2350006103515625,0.09303762539003456,outside_validated_depth,,,Cluver14_Eq2,dex(log10_Msun),diagnostic_only,not_rest_frame,9.988535708575595,,ps1_taylor,pass_uncertainty_unavailable,356081744303.46747,,Moster13_Table1_redshift_dependent,Msun,pass_uncertainty_unavailable,144.27622828823223,,200_times_critical_density_Planck18,proper_kpc,pass_uncertainty_unavailable,8.912524547990426,pass_model_relation,16.18803151804651,pass_model_relation,0.7048978283298738
22,phineas,cluster,"J115120.4+714435, 1254337",FRB 20230307A,177.83488,71.74319,0.271,0.2,0.0001,DESI spec,cluster,confirmed,True,True,603.6,1.48,0.729,matched,N77R002800,0.04291461925864794,2,0.4196732104794073,GSC 2.4.2,2026-07-21T07:38:07+00:00,3492389b96c89ff752ff2535666c72bb3fc8f01d77b963a4f9ff4ffa191e8391,3.0,matched,J115120.33+714435.3,0.23759151051209376,1,,AllWISE,2026-07-21T07:38:07+00:00,7388801d069f493d75c7fe3f59b36ffe4a7b4b852bb1da6d85fa297432999179,13.763999938964844,0.02500000037252903,13.479999542236328,0.027000000700354576,AAUU,0000,5.0,matched,J115120.36+714433.5,1.9006959546357338,2,2.56422830525642,CatWISE2020,2026-07-21T07:38:07+00:00,2f9d18ccd068b21f5b4dd3d9f6a9bf4f1685d814c0471c38befdd6597138f351,14.484999656677246,0.013571702559476618,14.248000144958496,0.016286043071371943,3N000,00,,not_published_in_vizier_table,matched,1755p711o0029262,0.7931282118754043,4,2.0400713801863746,unWISE Catalog,2026-07-21T07:38:07+00:00,b8c38af0dea445a1ceabb44fb763a2958a9640ad8b5d59c10aefd3283d8c121a,2414.300048828125,10.496999740600586,3703.10009765625,29.267000198364258,1.0,1.0,0.785,0.914,pass,True,0.2840003967285156,0.03679673975294006,not_selected_within_depth,,,Cluver14_Eq2,dex(log10_Msun),diagnostic_only,not_rest_frame,,,cluster_catalog_M500_R500,not_applicable_cluster,,,not_computed_without_cluster_conversion_model,Msun,not_applicable_cluster,,,not_computed_without_cluster_conversion_model,proper_kpc,not_applicable_cluster,,not_applicable_cluster,,not_applicable_cluster,
23,phineas,cluster,"J115128.2+713637, 1254415",FRB 20230307A,177.86761,71.61024,0.271,0.1916,0.0001,DESI spec,cluster,confirmed,True,False,1054.7,1.86,0.841,matched,N77Q004575,0.04302466274346825,3,0.35146524773412996,GSC 2.4.2,2026-07-21T07:38:07+00:00,6efa445d8795c6b3d4727b0c0c95be5090e5e27906a4b4e0c2b53aa9b463a084,3.0,matched,J115128.25+713636.9,0.15474256845675918,1,,AllWISE,2026-07-21T07:38:07+00:00,94c205317fbcf3de69744f2b6a3eec311c3b496dfea4971451fd1548314a467b,13.41100025177002,0.024000000208616257,13.192999839782715,0.026000000536441803,AABU,0000,1.0,matched,J115128.25+713636.8,0.08943646404476084,1,,CatWISE2020,2026-07-21T07:38:07+00:00,71004604873e280da0c125e58f980709c146e32397698d59a4e1a50389e43b00,13.291000366210938,0.01357170255947662,13.133999824523926,0.009694073256769012,1N000,00,,not_published_in_vizier_table,ambiguous,1755p711o0026264,0.0959624629442947,2,0.10776534789139877,unWISE Catalog,2026-07-21T07:38:07+00:00,cc51e9130e56aace4a82b0de4952c248e3fe80a7b85c290a3160d1b0a445315f,4422.89990234375,11.85200023651123,5485.39990234375,31.458999633789062,1.0,1.0,0.9977,0.9989,pass,True,0.2180004119873047,0.035383612561587806,not_selected_within_depth,,,Cluver14_Eq2,dex(log10_Msun),diagnostic_only,not_rest_frame,,,cluster_catalog_M500_R500,not_applicable_cluster,,,not_computed_without_cluster_conversion_model,Msun,not_applicable_cluster,,,not_computed_without_cluster_conversion_model,proper_kpc,not_applicable_cluster,,not_applicable_cluster,,not_applicable_cluster,
24,phineas,cluster,"J114944.0+714348, 1253496",FRB 20230307A,177.4332,71.7301,0.271,0.244,0.0,DESI spec,cluster,confirmed,True,False,1569.2,0.52,0.531,matched,N77R002778,0.012376156446647232,1,,GSC 2.4.2,2026-07-21T07:38:07+00:00,92a14b9c573fde23fe7b4806ae31767a54002368ade2e285e9d8d2f22d86c3a9,3.0,matched,J114943.97+714348.4,0.06648780562517578,1,,AllWISE,2026-07-21T07:38:07+00:00,6aa73e7f83e14a49b94d4e9282e874a16d5d12882f821acced7076f221d56b11,14.29699993133545,0.027000000700354576,13.956000328063965,0.03200000151991844,AAUU,0000,0.0,ambiguous,J114944.28+714347.7,1.536945032926438,3,1.6187100528619311,CatWISE2020,2026-07-21T07:38:07+00:00,06375ada2465ea26c7ef3fd98414b4a3c0775608043970e00230a15648d4a62a,15.25100040435791,0.09620447383932793,14.968999862670898,0.09771625842823164,3N000,00,,not_published_in_vizier_table,matched,1755p711o0028857,0.8076737742935509,2,2.978359715544249,unWISE Catalog,2026-07-21T07:38:07+00:00,838350187300f0456f3ab19e338af39f80306ba6eafb509a852961e0ade0df60,1367.0,8.969900131225586,2085.60009765625,26.336000442504883,1.0,1.0,0.7083,0.8217,pass,False,0.3409996032714844,0.04186884444421568,not_selected_within_depth,,,Cluver14_Eq2,dex(log10_Msun),diagnostic_only,not_rest_frame,,,cluster_catalog_M500_R500,not_applicable_cluster,,,not_computed_without_cluster_conversion_model,Msun,not_applicable_cluster,,,not_computed_without_cluster_conversion_model,proper_kpc,not_applicable_cluster,,not_applicable_cluster,,not_applicable_cluster,
25,phineas,cluster,"J115140.5+712732, 1254506",FRB 20230307A,177.91873,71.45892,0.271,0.1758,0.0001,DESI spec,cluster,confirmed,True,False,2104.7,0.93,0.633,matched,N77Q009300,1.4179698189386125,3,2.0209455514172805,GSC 2.4.2,2026-07-21T07:38:07+00:00,ebcf5964ff0859fa99ab2e28a3081c8c4c787e126e94ceeef7f3ed6551bb3a86,3.0,matched,J115140.37+712732.0,0.5927307995437129,1,,AllWISE,2026-07-21T07:38:07+00:00,5648377e07451908fa65147e1c02bc0bf2ac0a9a3ce26ba42a5cab872397adc8,13.269000053405762,0.024000000208616257,13.03600025177002,0.026000000536441803,AABU,0000,1.0,matched,J115140.42+712732.0,0.37003794038645305,1,,CatWISE2020,2026-07-21T07:38:07+00:00,b5ab8311aecf111152e825e838ac107728187d0e7451f035fbc3655d51393f54,13.057999610900879,0.012666922388844844,12.975000381469727,0.008351816959677918,2N000,00,,not_published_in_vizier_table,ambiguous,1755p711o0096691,0.5611030737744852,3,0.8340052680827793,unWISE Catalog,2026-07-21T07:38:07+00:00,bd9841577815f53f7c752799e764083589a1b42032b2bf1ddfc2f835fa9a483b,0.0,0.0,6287.2998046875,32.48400115966797,0.0,1.0,0.0,0.9989,pass,True,0.2329998016357422,0.035383612561587806,not_selected_within_depth,,,Cluver14_Eq2,dex(log10_Msun),diagnostic_only,not_rest_frame,,,cluster_catalog_M500_R500,not_applicable_cluster,,,not_computed_without_cluster_conversion_model,Msun,not_applicable_cluster,,,not_computed_without_cluster_conversion_model,proper_kpc,not_applicable_cluster,,not_applicable_cluster,,not_applicable_cluster,
26,phineas,cluster,"J115400.9+713320, 1255773",FRB 20230307A,178.50381,71.55566,0.271,0.1549,0.0,DESI spec,cluster,confirmed,True,False,3060.1,0.51,0.563,matched,N77Q004040,0.09778713959522481,2,0.4620417595351396,GSC 2.4.2,2026-07-21T07:38:07+00:00,037c519df2779b651b7723ce4defda342b62e80767cd6a9a3f4521c625c0939f,3.0,matched,J115400.92+713320.3,0.061443278451432465,1,,AllWISE,2026-07-21T07:38:07+00:00,4120778be75fbc838c85487282a554490f08252f89f6a2c5c23a826bfc005aeb,13.800000190734863,0.024000000208616257,13.550000190734863,0.02800000086426735,AABU,0000,1.0,matched,J115400.57+713319.4,1.9080744705027843,2,2.733689416751515,CatWISE2020,2026-07-21T07:38:07+00:00,73acb842c2aa7411c2944571b288257953ddb84c7b0839571f07415d9d3c8ad5,14.505999565124512,0.013571702559476618,14.324999809265137,0.01142880215534873,3N000,00,,not_published_in_vizier_table,matched,1800p711o0024085,0.20623916754783236,2,1.747688002710987,unWISE Catalog,2026-07-21T07:38:07+00:00,eba2392777a675fb43a2742f27e6cbaba69b88b486d551bb4c1fe8d2cff40a10,3219.60009765625,10.503000259399414,1796.9000244140625,27.889999389648438,1.0,1.0,0.9907,0.4968,pass,True,0.25,0.0368781786211379,not_selected_within_depth,,,Cluver14_Eq2,dex(log10_Msun),diagnostic_only,not_rest_frame,,,cluster_catalog_M500_R500,not_applicable_cluster,,,not_computed_without_cluster_conversion_model,Msun,not_applicable_cluster,,,not_computed_without_cluster_conversion_model,proper_kpc,not_applicable_cluster,,not_applicable_cluster,,not_applicable_cluster,
27,phineas,cluster,"J115031.4+715735, 1253898",FRB 20230307A,177.63068,71.95965,0.271,0.2696,0.0001,DESI spec,cluster,confirmed,True,False,4272.8,1.25,0.698,matched,N77R003886,0.04157743093420389,1,,GSC 2.4.2,2026-07-21T07:38:07+00:00,92e887061e3bc0e81b644aa1821fa6f9e7edfddb82aca952a7338130d23ec096,3.0,matched,J115031.39+715734.4,0.3599752907943862,1,,AllWISE,2026-07-21T07:38:07+00:00,a13649ffd5c8a4db8a0e8a7fe23be457c11f7a32fb79560dd916677c72b707c4,14.399999618530273,0.027000000700354576,14.194000244140625,0.03500000014901161,AAUU,0000,0.0,matched,J115031.00+715734.4,1.6864674224550076,2,2.395125815589609,CatWISE2020,2026-07-21T07:38:07+00:00,670316e3e6031f4ea8d56afd1982e7955fbdfe3b1807a0ff0b5d73af8e19b99f,15.041999816894531,0.02261950426579436,14.829999923706055,0.01809560341263549,3N000,00,,not_published_in_vizier_table,ambiguous,1800p726o0001273,0.6702393283195741,2,0.7075759849988353,unWISE Catalog,2026-07-21T07:38:07+00:00,c603492befb00fdaf538dcc9e97042d63b516c2929df11d9ed4bd634d3faf922,1197.300048828125,8.634900093078613,1615.4000244140625,25.155000686645508,1.0,1.0,0.682,0.7323,pass,False,0.20599937438964844,0.04420407275636443,not_selected_within_depth,,,Cluver14_Eq2,dex(log10_Msun),diagnostic_only,not_rest_frame,,,cluster_catalog_M500_R500,not_applicable_cluster,,,not_computed_without_cluster_conversion_model,Msun,not_applicable_cluster,,,not_computed_without_cluster_conversion_model,proper_kpc,not_applicable_cluster,,not_applicable_cluster,,not_applicable_cluster,
28,phineas,cluster,"J115436.9+713930, 1256077",FRB 20230307A,178.65378,71.65822,0.271,0.2628,0.0001,DESI spec,cluster,confirmed,True,False,3989.8,0.47,0.56,matched,N77Q004772,0.030159463395431477,1,,GSC 2.4.2,2026-07-21T07:38:07+00:00,5b9cb88bf49aabbe846569ab7067c9a1e8440192ea84970a3ef2e1ccac68a63a,3.0,matched,J115436.88+713929.3,0.24268459338871412,1,,AllWISE,2026-07-21T07:38:07+00:00,3a9e6893c538fd4349deda52c8a3342d1ee351128dab5556d4a686c16cf79a11,14.71500015258789,0.02800000086426735,14.465999603271484,0.041999999433755875,AAUU,0000,0.0,matched,J115437.01+713929.3,0.5357640811276221,2,2.8870029791171885,CatWISE2020,2026-07-21T07:38:07+00:00,bd6dfb4e6dc04debc5c9a7a9b5a5829b4c96545a4cd9ddfafe2504cbb8d06f11,14.883999824523926,0.03948131653665925,14.711999893188477,0.041759084798389585,3N000,00,,not_published_in_vizier_table,matched,1800p711o0026286,0.31116731838198775,1,,unWISE Catalog,2026-07-21T07:38:07+00:00,7400a7b4d7828d95249816e84e2bc3c6ebb5bf764a6a3d4a218f8428f7a534bc,1223.199951171875,8.013400077819824,1483.0999755859375,24.08799934387207,1.0,1.0,0.8837,0.8603,pass,False,0.24900054931640625,0.05047771786476154,not_selected_within_depth,,,Cluver14_Eq2,dex(log10_Msun),diagnostic_only,not_rest_frame,,,cluster_catalog_M500_R500,not_applicable_cluster,,,not_computed_without_cluster_conversion_model,Msun,not_applicable_cluster,,,not_computed_without_cluster_conversion_model,proper_kpc,not_applicable_cluster,,not_applicable_cluster,,not_applicable_cluster,
29,phineas,cluster,"J114928.5+712526, 1253366",FRB 20230307A,177.36887,71.42403,0.271,-0.0001,0.0,DESI spec,cluster,confirmed,True,False,3049.6,1.51,0.771,ambiguous,N77Q009005,0.014000810579347137,4,0.14789934607746458,GSC 2.4.2,2026-07-21T07:38:07+00:00,e82f0cdd64eda68b77d24f3aabe65fa136f57327d939e5167797c380d3a3f769,0.0,matched,J114928.51+712526.4,0.10380260465622618,1,,AllWISE,2026-07-21T07:38:07+00:00,f0116cbb04b23c9854eb6512ec1526d1de6ce53ff81a4806dff309770c04f7f2,13.571999549865723,0.024000000208616257,13.380999565124512,0.02800000086426735,AABU,0000,1.0,matched,J114928.54+712526.4,0.023592660671394088,1,,CatWISE2020,2026-07-21T07:38:07+00:00,f7dc3a6775187f281e75f8acf5e6cca21ad90cc6c96329aa26c4bbee13d5f8bb,13.541000366210938,0.01142880215534873,13.32699966430664,0.009240308125601102,1N000,00,,not_published_in_vizier_table,matched,1755p711o0022147,0.2255816065699818,1,,unWISE Catalog,2026-07-21T07:38:07+00:00,34d7440986f3ddefea2c6b34b111c674309da912cf8cedb25b1e663e56538c7e,3886.800048828125,11.357999801635742,4609.5,30.135000228881836,1.0,1.0,0.9984,0.9986,pass,True,0.19099998474121094,0.0368781786211379,not_selected_within_depth,,,Cluver14_Eq2,dex(log10_Msun),diagnostic_only,not_rest_frame,,,cluster_catalog_M500_R500,not_applicable_cluster,,,not_computed_without_cluster_conversion_model,Msun,not_applicable_cluster,,,not_computed_without_cluster_conversion_model,proper_kpc,not_applicable_cluster,,not_applicable_cluster,,not_applicable_cluster,
30,freya,halo,197030881733398302,FRB 20230325C,88.1729787,74.19784041,,0.3047,0.068,PS1-STRM phot,GALAXY,inconclusive,False,False,60.1,,,ambiguous,NAE0022569,0.005059448017999972,2,0.3045775585897431,GSC 2.4.2,2026-07-21T07:38:07+00:00,eeaab2b1ecd621e6c788659a9ca3aa68c895434963bd94a8989c74d7a6d75174,3.0,matched,J055241.46+741152.0,0.2729843468449505,1,,AllWISE,2026-07-21T07:38:07+00:00,63206f42f5dc32f11e50da8964aca0f609d65335424bccee038b044f56b20ecc,15.36299991607666,0.03799999877810478,14.942999839782715,0.06199999898672104,AABU,0000,0.0,matched,J055241.48+741152.1,0.2120296075950659,1,,CatWISE2020,2026-07-21T07:38:07+00:00,db0892718384d103de19b3c74ee030a1cc16933139e468a8d493dd7f541c2546,15.354000091552734,0.015079669510529574,14.923999786376953,0.019740658268329624,2N000,00,,not_published_in_vizier_table,matched,0900p742o0016394,0.18781949113905153,1,,unWISE Catalog,2026-07-21T07:38:07+00:00,ee058d1db31724c158f5977b3d47c2a62f0d0c7ba3a00d5021992e71dfd135c6,697.6500244140625,7.574699878692627,1081.199951171875,25.69700050354004,1.0,1.0,0.8616,0.9203,pass,False,0.4200000762939453,0.07271863434835238,not_selected_within_depth,,,Cluver14_Eq2,dex(log10_Msun),diagnostic_only,not_rest_frame,11.027939885851572,,ps1_taylor,pass_uncertainty_unavailable,13018977990494.791,,Moster13_Table1_redshift_dependent,Msun,pass_uncertainty_unavailable,445.8656126627757,,200_times_critical_density_Planck18,proper_kpc,pass_uncertainty_unavailable,5.8200648009339035,pass_model_relation,76.60835882638813,pass_model_relation,0.13479397893251707
31,freya,halo,197040882212782495,FRB 20230325C,88.22143337,74.20135627,,0.6175,0.1255,PS1-STRM phot,GALAXY,inconclusive,False,False,233.9,,,matched,NAE0023085,0.01137558397460094,1,,GSC 2.4.2,2026-07-21T07:38:07+00:00,fcb72011179165e563d989e9628f43f89265f6a96e961baaee5400063f062a33,3.0,matched,J055253.09+741204.9,0.20206925575362972,1,,AllWISE,2026-07-21T07:38:07+00:00,b8f3f6fc2d753cb09d29d7304721ded82d1afcd31e0abc3dc650f34e8f36e150,16.020999908447266,0.052000001072883606,16.56399917602539,0.21899999678134918,ABUU,0000,0.0,matched,J055253.08+741205.0,0.23060749851625295,1,,CatWISE2020,2026-07-21T07:38:07+00:00,b4d1a48b69d4d64b759dad824d4167f21c64e35a91c2e9d15bba3c77f4bf6540,16.040000915527344,0.02571480484953464,15.958999633789062,0.052962741695518505,1N000,00,,not_published_in_vizier_table,matched,0900p742o0016471,0.2770879736012059,1,,unWISE Catalog,2026-07-21T07:38:07+00:00,6c84ea8aa3a7f9c683d981093c6ecacbfc1be045203b8f64ce0aa9eeb2af2ad5,403.1199951171875,6.824699878692627,389.29998779296875,23.457000732421875,1.0,1.0,0.9864,0.9785,pass,False,-0.542999267578125,0.22508886845379728,outside_validated_depth,,,Cluver14_Eq2,dex(log10_Msun),diagnostic_only,not_rest_frame,10.758373311697198,,wise_w1,pass_uncertainty_unavailable,2492956128051.4624,,Moster13_Table1_redshift_dependent,Msun,pass_uncertainty_unavailable,226.86812138090826,,200_times_critical_density_Planck18,proper_kpc,pass_uncertainty_unavailable,5.941167794540975,pass_model_relation,38.18577916438674,pass_model_relation,1.0309954460604243
32,hamilton,halo,192943050854547067,FRB 20230913G,305.0853736,70.78860842,0.3024,,,PS1-STRM,UNSURE,inconclusive,False,False,209.2,,,matched,N1IH008858,0.002166388592818742,1,,GSC 2.4.2,2026-07-21T07:38:07+00:00,6a4288c89d84beb7c7e4dedadc9f013e246892e2123f852102d2a2f02635803a,3.0,matched,J202020.43+704718.5,0.483155712131324,1,,AllWISE,2026-07-21T07:38:07+00:00,4e4c112642d2a3b70d9c5910100f751785ddcc1e3bdfa9be32b48d8441987dac,15.904000282287598,0.035999998450279236,15.312000274658203,0.04800000041723251,AAAB,0000,0.0,matched,J202020.49+704718.9,0.037943538167371026,1,,CatWISE2020,2026-07-21T07:38:07+00:00,7382701c1e17be6c593410f8086f16ed8b5007118e598c5116e8c160ab7413d8,16.0049991607666,0.019000383583267264,15.380999565124512,0.031021034421660838,2N000,00,,not_published_in_vizier_table,matched,3060p711o0045548,0.05862612164396781,1,,unWISE Catalog,2026-07-21T07:38:07+00:00,12c8ccedf9df0c30256c1e66369ce864f81599fc582c846036005dac67abc2b9,405.2300109863281,5.337699890136719,716.9099731445312,18.090999603271484,1.0,1.0,0.7888,0.8487,pass,False,0.5920000076293945,0.05999999940395357,outside_validated_depth,,,Cluver14_Eq2,dex(log10_Msun),diagnostic_only,not_rest_frame,,,,unavailable,,,Moster13_Table1_redshift_dependent,Msun,unavailable,,,200_times_critical_density_Planck18,proper_kpc,unavailable,,unavailable,,unavailable,
33,hamilton,halo,192963050359413614,FRB 20230913G,305.0361763,70.80240538,0.3024,0.3079,0.0727,PS1-STRM phot,GALAXY,inconclusive,False,False,136.1,,,matched,N1IH009163,0.0048703757241044645,1,,GSC 2.4.2,2026-07-21T07:38:07+00:00,40058057887b21cca354f181a8636af042bd8fd78f0992fe4c1e3f9f87043dc5,3.0,matched,J202008.74+704808.5,0.30899714175747117,1,,AllWISE,2026-07-21T07:38:07+00:00,3cc7f53c2107b3d8a934f5a60e9779cd50ec635a9eda4dc515f9a7ac796874e1,15.970999717712402,0.03400000184774399,15.381999969482422,0.050999999046325684,AAAU,0000,0.0,matched,J202008.70+704808.5,0.1900946519004936,1,,CatWISE2020,2026-07-21T07:38:07+00:00,c06bc789dd6345c5c88822798ede95bc0aac170939ea9404a27fd982b709c521,15.946999549865723,0.01809560341263549,15.315999984741211,0.028952965460216782,2N000,00,,not_published_in_vizier_table,matched,3060p711o0011361,0.2636404156655739,1,,unWISE Catalog,2026-07-21T07:38:07+00:00,0dfd2f6a1033b1b3c200e93e27cbdf689f1cb9b12faee8024cf0d3e345f86d45,427.9200134277344,5.261099815368652,754.0800170898438,17.9950008392334,1.0,1.0,0.9621,0.9696,pass,False,0.5889997482299805,0.06129437191432681,outside_validated_depth,,,Cluver14_Eq2,dex(log10_Msun),diagnostic_only,not_rest_frame,10.676463813932392,,ps1_taylor,pass_uncertainty_unavailable,1753565339258.348,,Moster13_Table1_redshift_dependent,Msun,pass_uncertainty_unavailable,228.27156772323147,,200_times_critical_density_Planck18,proper_kpc,pass_uncertainty_unavailable,7.004114796155416,pass_model_relation,32.591066018582474,pass_model_relation,0.5962196753518373
34,chromatica,halo,196673126794497004,FRB 20240203D,312.6793509,73.89686576,0.074,,,PS1-STRM,UNSURE,inconclusive,False,False,111.1,,,matched,N0UO030752,0.3000543937296947,1,,GSC 2.4.2,2026-07-21T07:38:07+00:00,5e69e412f012d99b7e0a51e4374fd8d42b0ccd89d2afec7061b2348917383974,4.0,matched,J205043.10+735348.5,0.3000543937296947,1,,AllWISE,2026-07-21T07:38:07+00:00,a388ec498ef3b0b25e38c385dd446ce4839a33f0d2d05113ef695c159c13e1ad,17.06399917602539,0.06400000303983688,16.79400062561035,0.15700000524520874,ABUU,0000,0.0,matched,J205043.12+735348.5,0.4034714226818019,1,,CatWISE2020,2026-07-21T07:38:07+00:00,08a566c78f9a00a6e68f5312044f0c8f5d74fa193f4e051629c96b3766c4ea28,16.833999633789062,0.030159339021059148,16.67799949645996,0.0517017240361014,2N000,00,,not_published_in_vizier_table,matched,3123p742o0012945,0.5460538939564642,1,,unWISE Catalog,2026-07-21T07:38:07+00:00,9b84b91041e4831c578e3867e80e18b0a4fff4015e160e3adf262bfaf7e4a8d1,184.77999877929688,4.718400001525879,219.3000030517578,16.937999725341797,1.0,1.0,0.9058,0.8768,pass,False,0.26999855041503906,0.16954351074604626,outside_validated_depth,,,Cluver14_Eq2,dex(log10_Msun),diagnostic_only,not_rest_frame,,,,unavailable,,,Moster13_Table1_redshift_dependent,Msun,unavailable,,,200_times_critical_density_Planck18,proper_kpc,unavailable,,unavailable,,unavailable,
35,chromatica,halo,196723126173351736,FRB 20240203D,312.6173096,73.93405297,0.074,0.4751,0.0438,PS1-STRM phot,GALAXY,inconclusive,False,False,103.5,,,matched,N0UO004308,1.4647513765471232,1,,GSC 2.4.2,2026-07-21T07:38:07+00:00,c958be11c49a69961f69cc0a5e41da779f804d78fa19a3fe627662fbbab3bbd0,0.0,matched,J205028.13+735603.8,1.2864904340605168,1,,AllWISE,2026-07-21T07:38:07+00:00,0f4ce49bed3e7f666d2dbebf14beeb865446758f351118613f8aef7bb966fbd4,16.708999633789062,0.050999999046325684,16.700000762939453,0.14000000059604645,ABUU,0000,0.0,matched,J205028.16+735604.0,1.4523355891000929,1,,CatWISE2020,2026-07-21T07:38:07+00:00,690714c55a1653f88c85f119acbd01caa629099b61436f2861338024c2fc7c24,16.81399917602539,0.03428640646604619,16.64699935913086,0.09870329134164813,1N000,00,,not_published_in_vizier_table,matched,3123p742o0013997,1.4998929935504908,1,,unWISE Catalog,2026-07-21T07:38:07+00:00,3d7954fd27e41524c66de06c9396d5fed6d3dc514990cfa6f4c1850836ba212f,212.75999450683594,4.90939998626709,242.3800048828125,17.136999130249023,1.0,1.0,0.8839,0.8866,pass,False,0.008998870849609375,0.1490000002336182,outside_validated_depth,,,Cluver14_Eq2,dex(log10_Msun),diagnostic_only,not_rest_frame,11.46231017248979,,ps1_taylor,pass_uncertainty_unavailable,404051698114757.75,,Moster13_Table1_redshift_dependent,Msun,pass_uncertainty_unavailable,1310.2320983452807,,200_times_critical_density_Planck18,proper_kpc,pass_uncertainty_unavailable,4.017243768486632,pass_model_relation,326.15200218205047,pass_model_relation,0.07899363794453845
36,chromatica,halo,196733128040225775,FRB 20240203D,312.8039777,73.94584168,0.074,0.0543,,NED,galaxy,inconclusive,False,False,228.1,,,ambiguous,N0UO012099,0.01175336945320374,2,0.2298701812040409,GSC 2.4.2,2026-07-21T07:38:07+00:00,5821bec9d55270d7e9255fd6440ff6f32e2092b1ed43c8f35c881b6dea7f5ec8,3.0,matched,J205112.95+735644.9,0.039942753044702295,1,,AllWISE,2026-07-21T07:38:07+00:00,fd0a861ff8c8f7f4ff774d72552e507109177e35e8e6f6c0d5e53ca226e1a5fd,13.348999977111816,0.024000000208616257,13.175000190734863,0.024000000208616257,AAAC,0000,5.0,matched,J205112.96+735644.9,0.13145053887560695,1,,CatWISE2020,2026-07-21T07:38:07+00:00,2b1ae76b3d0c6c589fcc5975bf633c5d9a51d60a6aec91a68e81ff769f746119,13.133000373840332,0.013571702559476618,13.121999740600586,0.009694073256769012,1N000,00,,not_published_in_vizier_table,matched,3123p742o0014323,0.0921940023263298,1,,unWISE Catalog,2026-07-21T07:38:07+00:00,f22c346a0603f7b3ebdc683f9eb4137d0052ed29fee4fd38173c3772a6ef9c8f,4804.2001953125,11.925999641418457,5633.7998046875,29.81399917602539,1.0,1.0,0.9921,0.9929,pass,True,0.17399978637695312,0.03394112579198222,not_selected_within_depth,,,Cluver14_Eq2,dex(log10_Msun),diagnostic_only,not_rest_frame,10.826705157051055,,ps1_taylor,pass_uncertainty_unavailable,3871501778264.625,,Moster13_Table1_redshift_dependent,Msun,pass_uncertainty_unavailable,325.6228102072962,,200_times_critical_density_Planck18,proper_kpc,pass_uncertainty_unavailable,7.190807350270716,pass_model_relation,45.283205952532896,pass_model_relation,0.7005037511186278
37,casey,halo,192821699728654764,FRB 20240229A,169.9727442,70.68666126,0.287,0.3747,0.0491,LS/Zhou phot,REX,refuted,False,False,206.4,,,matched,N77T001639,0.007380949323660373,1,,GSC 2.4.2,2026-07-21T07:38:07+00:00,17fea9feebe06e9e9e8e8f21acec75c6ec7987afba4c4c556c2000dde36eaec4,3.0,matched,J111953.45+704112.5,0.6189404373718826,1,,AllWISE,2026-07-21T07:38:07+00:00,bc5b02f81662c63e550916afbd7ddacad315ad1bcfcc38efdd25fbb51a5efb0f,16.17799949645996,0.041999999433755875,16.176000595092773,0.10999999940395355,ABUU,0000,0.0,matched,J111953.44+704112.4,0.4439205381468926,1,,CatWISE2020,2026-07-21T07:38:07+00:00,81656b1066ac14baa20b71bf9a40b9edcc27fdc94101868817dcc349464c742c,16.160999298095703,0.022353392450902662,16.18400001525879,0.06386683557400762,3N000,00,,not_published_in_vizier_table,matched,1710p711o0006066,0.37107830651364493,1,,unWISE Catalog,2026-07-21T07:38:07+00:00,fa48ae0fa761d26ec39246b9c3921746929061dc8d816378d7a42e83a84e0132,349.7099914550781,5.990699768066406,363.3999938964844,20.450000762939453,1.0,1.0,0.9478,0.9812,pass,False,0.0019989013671875,0.11774548747746248,outside_validated_depth,,,Cluver14_Eq2,dex(log10_Msun),diagnostic_only,not_rest_frame,11.038507374623084,,ps1_taylor,pass_uncertainty_unavailable,13923294916716.297,,Moster13_Table1_redshift_dependent,Msun,pass_uncertainty_unavailable,443.72387081837536,,200_times_critical_density_Planck18,proper_kpc,pass_uncertainty_unavailable,5.62878800575986,pass_model_relation,78.83115696741801,pass_model_relation,0.46515415007835687
38,casey,halo,192821700026167542,FRB 20240229A,170.002558,70.68897047,0.287,0.2028,0.0001,DESI spec,SER,confirmed,True,True,170.6,,,ambiguous,N77T008668,0.0035622884040925236,2,0.2073340647924738,GSC 2.4.2,2026-07-21T07:38:07+00:00,d26cfe5552f6f5d4bceed677706ae42e61eb1f141b2f623a0f5c30a0e6393b23,0.0,matched,J112000.59+704120.2,0.11529685862221441,1,,AllWISE,2026-07-21T07:38:07+00:00,8b1d598d3bb5075f59cd3275664bc109a807f22f898c8b6e8e955a34f0cb975c,15.034000396728516,0.02800000086426735,14.70199966430664,0.039000000804662704,AAUU,0000,0.0,matched,J112000.47+704119.7,0.9191400625606319,2,2.180121973692082,CatWISE2020,2026-07-21T07:38:07+00:00,e4bf91c508fd2fa1d44c2da6957076e7bcbf8eda5c758927dc786aa8d793cf53,15.333000183105469,0.102704776125769,15.036999702453613,0.10073841075075426,2N000,00,,not_published_in_vizier_table,matched,1710p711o0006111,0.6923814966526413,2,2.533342153777784,unWISE Catalog,2026-07-21T07:38:07+00:00,bf3eb53c54a7bba8f5f851af507852214728eae0b8412d893b19b218f7b5a2d3,812.2999877929688,7.445099830627441,1314.0999755859375,23.316999435424805,1.0,1.0,0.7885,0.9693,pass,False,0.332000732421875,0.04801041669432441,not_selected_within_depth,,,Cluver14_Eq2,dex(log10_Msun),diagnostic_only,not_rest_frame,10.934936943422557,,ps1_taylor,pass_uncertainty_unavailable,7077422410797.027,,Moster13_Table1_redshift_dependent,Msun,pass_uncertainty_unavailable,378.08084187204736,,200_times_critical_density_Planck18,proper_kpc,pass_uncertainty_unavailable,6.416078128810392,pass_model_relation,58.92709444642431,pass_model_relation,0.4512262487442714
39,casey,halo,192831699797402822,FRB 20240229A,169.9798302,70.69339484,0.287,0.2398,0.012,LS/Zhou phot,SER,confirmed,True,True,220.7,,,matched,N77T001679,0.01253266696264087,1,,GSC 2.4.2,2026-07-21T07:38:07+00:00,0c50aba3c6e360e2c270a0ea38ed9f76d802900d968cd5f437123546cc3958ce,0.0,matched,J111955.15+704136.1,0.06599032988682799,1,,AllWISE,2026-07-21T07:38:07+00:00,4b439d15d1d6f81b0c05bcbefd90032b92dfd00dbe7d1090eb918f643dd71220,15.47700023651123,0.03099999949336052,15.152000427246094,0.050999999046325684,AAUU,0000,0.0,matched,J111955.15+704136.1,0.12443104668583214,1,,CatWISE2020,2026-07-21T07:38:07+00:00,480ec8b533a2993e0013a42533549fdf07725ac872958ed712126f091320c9a4,15.479999542236328,0.01696462819934577,15.236000061035156,0.027143405118953235,1N000,00,,not_published_in_vizier_table,matched,1710p711o0006206,0.10775447185890716,1,,unWISE Catalog,2026-07-21T07:38:07+00:00,09a715ec1d9c89d183a1d6a8f48b00a2cd685c9069fd4bce21a9accd82a4f60a,652.2100219726562,6.769199848175049,839.72998046875,22.025999069213867,1.0,1.0,0.9046,0.9211,pass,False,0.3249998092651367,0.05968249216741517,outside_validated_depth,,,Cluver14_Eq2,dex(log10_Msun),diagnostic_only,not_rest_frame,10.899114812954416,,ps1_taylor,pass_uncertainty_unavailable,5544095092280.866,,Moster13_Table1_redshift_dependent,Msun,pass_uncertainty_unavailable,343.79298770300375,,200_times_critical_density_Planck18,proper_kpc,pass_uncertainty_unavailable,6.470793181954346,pass_model_relation,53.129960738317,pass_model_relation,0.6419560837309995
40,casey,halo,660,FRB 20240229A,169.9853195,70.67629673,0.287,0.3727,0.067,LS/Zhou phot,REX,refuted,False,False,12.2,,,matched,N77T022725,0.010810495138979463,1,,GSC 2.4.2,2026-07-21T07:38:07+00:00,6d727f4b5f7baa6ae0b405f382481629bb2b8b440f879b0dee797b089129bf33,3.0,matched,J111956.50+704034.6,0.13123969349649703,1,,AllWISE,2026-07-21T07:38:07+00:00,693e12fa18603bb5191ae155c0a292b68c185ec7564a3a8d251a14d8ea5879b7,16.97800064086914,0.06700000166893005,16.457000732421875,0.13699999451637268,ABUU,0000,0.0,matched,J111956.49+704034.8,0.1822693806698212,1,,CatWISE2020,2026-07-21T07:38:07+00:00,30508c826449cd4308a2d7ee4d582b43598cbdf1e174be44029ec8119759e413,16.96500015258789,0.040715107678429854,16.430999755859375,0.08042490405615774,1N000,00,,not_published_in_vizier_table,matched,1710p711o0005834,0.24679603305549536,1,,unWISE Catalog,2026-07-21T07:38:07+00:00,1931584a432ac82b806b0849e5ef1bcae03d6a243c5a28ba0495cfe5f3f4f913,164.02999877929688,5.50029993057251,287.6600036621094,20.413000106811523,1.0,1.0,0.9441,0.9595,pass,False,0.5209999084472656,0.15250573340410115,outside_validated_depth,,,Cluver14_Eq2,dex(log10_Msun),diagnostic_only,not_rest_frame,,,,unavailable,,,Moster13_Table1_redshift_dependent,Msun,unavailable,,,200_times_critical_density_Planck18,proper_kpc,unavailable,,unavailable,,unavailable,
41,casey,halo,795,FRB 20240229A,169.97277,70.68665467,0.287,0.3747,0.0491,LS/Zhou phot,REX,refuted,False,False,225.4,,,matched,N77T001639,0.04528606465369448,1,,GSC 2.4.2,2026-07-21T07:38:07+00:00,291cd2fd051c7d7a59566db58b9bc54544c840e3cd6d1beef0f29086ae2bded6,3.0,matched,J111953.45+704112.5,0.6453277069653455,1,,AllWISE,2026-07-21T07:38:07+00:00,ccf25773906bc6429f18bbe1a04b264ef47b2897e83acb924892760d796f3a92,16.17799949645996,0.041999999433755875,16.176000595092773,0.10999999940395355,ABUU,0000,0.0,matched,J111953.44+704112.4,0.4734505667981289,1,,CatWISE2020,2026-07-21T07:38:07+00:00,e24f04e32fb79348f3d1c26849fbfffec0da9c44d252302b1a57292cb6d42f87,16.160999298095703,0.022353392450902662,16.18400001525879,0.06386683557400762,3N000,00,,not_published_in_vizier_table,matched,1710p711o0006066,0.40222779401335174,1,,unWISE Catalog,2026-07-21T07:38:07+00:00,2eb1c4cb6596d5c6671356468d3eaf7ce391e21e3d5cf4fd2268cac950ed7d3e,349.7099914550781,5.990699768066406,363.3999938964844,20.450000762939453,1.0,1.0,0.9478,0.9812,pass,False,0.0019989013671875,0.11774548747746248,outside_validated_depth,,,Cluver14_Eq2,dex(log10_Msun),diagnostic_only,not_rest_frame,11.038507374623084,,ps1_taylor,pass_uncertainty_unavailable,13923294916716.297,,Moster13_Table1_redshift_dependent,Msun,pass_uncertainty_unavailable,443.72387081837536,,200_times_critical_density_Planck18,proper_kpc,pass_uncertainty_unavailable,5.62878800575986,pass_model_relation,78.83115696741801,pass_model_relation,0.5079735728084381
42,casey,halo,796,FRB 20240229A,169.976151,70.6861149,0.287,0.4217,0.0953,LS/Zhou phot,REX,refuted,False,False,212.2,,,unmatched,,,0,,GSC 2.4.2,2026-07-21T07:38:07+00:00,ecfcfb7842a86c565ec2d19dec449418440bac85d03f6384209564d7527805b3,,unmatched,,,0,,AllWISE,2026-07-21T07:38:07+00:00,ecfcfb7842a86c565ec2d19dec449418440bac85d03f6384209564d7527805b3,,,,,,,,matched,J111954.72+704110.4,2.2545492046148365,1,,CatWISE2020,2026-07-21T07:38:07+00:00,e29cac8d6865300560b0c14eb037f51b182ab51137ce21560720607d99addb77,18.625999450683594,0.15510517210830418,18.695999145507812,-4.3429448190325175,1N000,00,,not_published_in_vizier_table,unmatched,,,0,,unWISE Catalog,2026-07-21T07:38:07+00:00,ecfcfb7842a86c565ec2d19dec449418440bac85d03f6384209564d7527805b3,,,,,,,,,match_unmatched,False,,,insufficient_color,,,Cluver14_Eq2,dex(log10_Msun),diagnostic_only,not_rest_frame,10.864404616090118,,wise_w1,pass_uncertainty_unavailable,4184765621982.0933,,Moster13_Table1_redshift_dependent,Msun,pass_uncertainty_unavailable,291.758043756486,,200_times_critical_density_Planck18,proper_kpc,pass_uncertainty_unavailable,6.159056680814037,pass_model_relation,47.370572942661184,pass_model_relation,0.7273149945340028
43,casey,halo,827,FRB 20240229A,169.97983,70.69339832,0.287,0.2398,0.012,LS/Zhou phot,SER,confirmed,True,True,237.2,,,matched,N77T001679,3.0059972444694845e-05,1,,GSC 2.4.2,2026-07-21T07:38:07+00:00,0394dab91d67daabe59dd1b11055c129bdfdb2d1c634ccafd3092fc8ac250adb,0.0,matched,J111955.15+704136.1,0.07757780478440601,1,,AllWISE,2026-07-21T07:38:07+00:00,cfd7b861ba53e4367923d83bd806e4313de1afb6f7d95373519527837ef9f5ca,15.47700023651123,0.03099999949336052,15.152000427246094,0.050999999046325684,AAUU,0000,0.0,matched,J111955.15+704136.1,0.1364277957665558,1,,CatWISE2020,2026-07-21T07:38:07+00:00,84f372832d89b831490ab57f7eed10e9b5ac762893290d7bdce6cf88400d1218,15.479999542236328,0.01696462819934577,15.236000061035156,0.027143405118953235,1N000,00,,not_published_in_vizier_table,matched,1710p711o0006206,0.12017013892242269,1,,unWISE Catalog,2026-07-21T07:38:07+00:00,f826ad2a54f52d4fbb7baecc6fa99a2d637f393621b88cb9d183043096f3477b,652.2100219726562,6.769199848175049,839.72998046875,22.025999069213867,1.0,1.0,0.9046,0.9211,pass,False,0.3249998092651367,0.05968249216741517,outside_validated_depth,,,Cluver14_Eq2,dex(log10_Msun),diagnostic_only,not_rest_frame,10.899114812954416,,ps1_taylor,pass_uncertainty_unavailable,5544095092280.866,,Moster13_Table1_redshift_dependent,Msun,pass_uncertainty_unavailable,343.79298770300375,,200_times_critical_density_Planck18,proper_kpc,pass_uncertainty_unavailable,6.470793181954346,pass_model_relation,53.129960738317,pass_model_relation,0.689950081835039
44,casey,halo,824,FRB 20240229A,170.0025556,70.68896879,0.287,0.2028,0.0001,DESI spec,SER,confirmed,True,True,178.3,,,ambiguous,N77T008668,0.009462431232632825,2,0.2096814020748769,GSC 2.4.2,2026-07-21T07:38:07+00:00,137f389da5eb1d323267d4c51a251adad8c90c9726e695c26fa930835329ee59,0.0,matched,J112000.59+704120.2,0.11185463062791172,1,,AllWISE,2026-07-21T07:38:07+00:00,7d01e880c53be1acfb5d531424e8d114d23c2b89cc33ec152704141cd55719c2,15.034000396728516,0.02800000086426735,14.70199966430664,0.039000000804662704,AAUU,0000,0.0,matched,J112000.47+704119.7,0.9131418512104693,2,2.1864870405709134,CatWISE2020,2026-07-21T07:38:07+00:00,e91c69b7bf3dca75c288a4f9a12ac26810c9dce810d9bd6f68dc1cdc1f56ce3a,15.333000183105469,0.102704776125769,15.036999702453613,0.10073841075075426,2N000,00,,not_published_in_vizier_table,matched,1710p711o0006111,0.686018804175734,2,2.5400012612971157,unWISE Catalog,2026-07-21T07:38:07+00:00,1ba5aab54c2a93e501240b282cb038e89168ab2370bf5c2591a3e458f4360c55,812.2999877929688,7.445099830627441,1314.0999755859375,23.316999435424805,1.0,1.0,0.7885,0.9693,pass,False,0.332000732421875,0.04801041669432441,not_selected_within_depth,,,Cluver14_Eq2,dex(log10_Msun),diagnostic_only,not_rest_frame,10.934936943422557,,ps1_taylor,pass_uncertainty_unavailable,7077422410797.027,,Moster13_Table1_redshift_dependent,Msun,pass_uncertainty_unavailable,378.08084187204736,,200_times_critical_density_Planck18,proper_kpc,pass_uncertainty_unavailable,6.416078128810392,pass_model_relation,58.92709444642431,pass_model_relation,0.4715922634882978
45,casey,halo,825,FRB 20240229A,170.0000823,70.69033887,0.287,0.3483,0.2031,LS/Zhou phot,REX,inconclusive,False,False,281.4,,,unmatched,,,0,,GSC 2.4.2,2026-07-21T07:38:07+00:00,3ac67e8d0bcaa44324d1eb2e1bc1739721b510e910a8278746e67bdc6391bac0,,unmatched,,,0,,AllWISE,2026-07-21T07:38:07+00:00,3ac67e8d0bcaa44324d1eb2e1bc1739721b510e910a8278746e67bdc6391bac0,,,,,,,,unmatched,,,0,,CatWISE2020,2026-07-21T07:38:07+00:00,3ac67e8d0bcaa44324d1eb2e1bc1739721b510e910a8278746e67bdc6391bac0,,,,,,,,not_published_in_vizier_table,unmatched,,,0,,unWISE Catalog,2026-07-21T07:38:07+00:00,3ac67e8d0bcaa44324d1eb2e1bc1739721b510e910a8278746e67bdc6391bac0,,,,,,,,,match_unmatched,False,,,insufficient_color,,,Cluver14_Eq2,dex(log10_Msun),diagnostic_only,not_rest_frame,9.500505540852894,,wise_w1,pass_uncertainty_unavailable,242490940291.57135,,Moster13_Table1_redshift_dependent,Msun,pass_uncertainty_unavailable,116.21187901288498,,200_times_critical_density_Planck18,proper_kpc,pass_uncertainty_unavailable,8.252787699071988,pass_model_relation,14.081530175064701,pass_model_relation,2.421439205615114
46,casey,cluster,"J111929.5+705441, 1237905",FRB 20240229A,169.87289,70.91131,0.287,0.2162,0.0001,DESI spec,cluster,confirmed,True,False,3133.0,1.78,0.766,matched,N77T002980,0.02404850966091986,2,0.4450580645827606,GSC 2.4.2,2026-07-21T07:38:07+00:00,3766326a31b05c17f12a1fe5572747b2243a0b476a4fcb42391f41305e2e279b,0.0,matched,J111929.47+705440.5,0.16512985622116025,1,,AllWISE,2026-07-21T07:38:07+00:00,38ed8512daa45f8367e0dacb2f039a96a5d8623192be6ab6679910a0f0841175,13.90999984741211,0.024000000208616257,13.593999862670898,0.027000000700354576,AABU,0000,1.0,matched,J111929.10+705441.3,2.004618731964338,3,2.692981664028817,CatWISE2020,2026-07-21T07:38:07+00:00,4a073799215088f7d7be1f1ccca4c36f52ef105d0fb66b340aec26a99ba166db,15.01099967956543,0.043868129485176946,14.67300033569336,0.038776293027076046,3N000,00,,not_published_in_vizier_table,matched,1710p711o0010964,0.8321201755599327,1,,unWISE Catalog,2026-07-21T07:38:07+00:00,f5cd1f0413c9fe257efd28de4718b8ec30f2eee153e0d11a43853521b69f91a7,1961.699951171875,10.12399959564209,3226.0,28.31399917602539,1.0,1.0,0.6954,0.8122,pass,True,0.31599998474121094,0.03612478439842552,not_selected_within_depth,,,Cluver14_Eq2,dex(log10_Msun),diagnostic_only,not_rest_frame,,,cluster_catalog_M500_R500,not_applicable_cluster,,,not_computed_without_cluster_conversion_model,Msun,not_applicable_cluster,,,not_computed_without_cluster_conversion_model,proper_kpc,not_applicable_cluster,,not_applicable_cluster,,not_applicable_cluster,
47,casey,cluster,"J112235.5+705438, 1239515",FRB 20240229A,170.6479,70.91058,0.287,0.2158,0.0,DESI spec,cluster,confirmed,True,False,4284.7,0.89,0.543,matched,N77T002984,0.020025890200155643,1,,GSC 2.4.2,2026-07-21T07:38:07+00:00,9ec598c25c72ab5039b2bd3986840f9dc8c0a9b5d989d40d036049f0902a13bf,3.0,matched,J112235.49+705438.0,0.021255175773365578,1,,AllWISE,2026-07-21T07:38:07+00:00,cad1ad19af7a79f9ef0ed3e901e474767f7564201d1545ea48884fc6b995d2d0,14.64799976348877,0.027000000700354576,14.282999992370605,0.032999999821186066,AABU,0000,0.0,matched,J112235.45+705437.6,0.5149249811437071,2,2.9138392201122554,CatWISE2020,2026-07-21T07:38:07+00:00,c249ff1d1c48ab8dc7a163a7e5ae69fb856986451fbb459fdf872906d07f0668,14.770000457763672,0.03619120682527098,14.432000160217285,0.03832010134440457,3N000,00,,not_published_in_vizier_table,matched,1710p711o0010878,0.16704151866661854,2,2.9751274868666933,unWISE Catalog,2026-07-21T07:38:07+00:00,1c0068814ca821916a410e4629cc1f4b313b23ac27ad7fd086d713e8dff83226,1177.5999755859375,8.151300430297852,1946.5999755859375,24.549999237060547,1.0,1.0,0.8247,0.9905,pass,False,0.36499977111816406,0.042638011515752326,not_selected_within_depth,,,Cluver14_Eq2,dex(log10_Msun),diagnostic_only,not_rest_frame,,,cluster_catalog_M500_R500,not_applicable_cluster,,,not_computed_without_cluster_conversion_model,Msun,not_applicable_cluster,,,not_computed_without_cluster_conversion_model,proper_kpc,not_applicable_cluster,,not_applicable_cluster,,not_applicable_cluster,
48,casey,cluster,"J112350.9+704142, 1240175",FRB 20240229A,170.96191,70.69499,0.287,0.2133,0.0,DESI spec,cluster,confirmed,True,False,4267.4,2.09,0.848,matched,N77T001731,0.015231848136443219,1,,GSC 2.4.2,2026-07-21T07:38:07+00:00,4df43c26b285cb95f9e23cc3458a43a63af674465278dccbe09b72c862f45ccf,3.0,matched,J112350.87+704142.4,0.5135277016381901,1,,AllWISE,2026-07-21T07:38:07+00:00,877241adfd43943248b92b127cfd683509cffe30875342f7099de044a8fa16f0,13.972999572753906,0.02500000037252903,13.670000076293945,0.027000000700354576,AAUU,0000,1.0,matched,J112350.62+704142.0,1.1931930593076945,1,,CatWISE2020,2026-07-21T07:38:07+00:00,16eceef328c5512c34f7848bdf5d06a68acd8e716d4703e598cb06dfb82a8e8f,14.279999732971191,0.017143203233023097,14.04800033569336,0.01809560341263549,3N000,00,,not_published_in_vizier_table,matched,1710p711o0006166,0.3086014694349949,1,,unWISE Catalog,2026-07-21T07:38:07+00:00,755ab0df9624463b065e4e80e252e1c1e002f935d65650bd691f84c2de508447,1746.9000244140625,9.92710018157959,3006.0,27.917999267578125,1.0,1.0,0.6593,0.8419,pass,True,0.30299949645996094,0.03679673975294006,not_selected_within_depth,,,Cluver14_Eq2,dex(log10_Msun),diagnostic_only,not_rest_frame,,,cluster_catalog_M500_R500,not_applicable_cluster,,,not_computed_without_cluster_conversion_model,Msun,not_applicable_cluster,,,not_computed_without_cluster_conversion_model,proper_kpc,not_applicable_cluster,,not_applicable_cluster,,not_applicable_cluster,
49,casey,cluster,"J111930.9+702041, 1237924",FRB 20240229A,169.87859,70.34475,0.287,0.0907,0.0,DESI spec,cluster,confirmed,True,False,3804.0,0.62,0.602,matched,N7RA003713,0.0497044782409419,1,,GSC 2.4.2,2026-07-21T07:38:07+00:00,2b91ab24ce3dcfbf2fede22e1efd6b3d548233b4ef0362da1c912958a945aff4,3.0,matched,J111930.87+702040.9,0.1568720605847987,1,,AllWISE,2026-07-21T07:38:07+00:00,b8909898d542b5302a64d39b6e03f699fe8591cdfe39cfdb4fd50e4a0fd965e7,14.187999725341797,0.026000000536441803,13.920000076293945,0.03099999949336052,AABU,0000,0.0,matched,J111930.70+702042.5,1.6406223982137496,2,1.9669417130857394,CatWISE2020,2026-07-21T07:38:07+00:00,153d3bb2bce5db6f2a8ebde2da0205339e7dcb4780e242bc6a4163e025c504bb,14.892999649047852,0.03948131653665925,14.684000015258789,0.041759084798389585,3N000,00,,not_published_in_vizier_table,matched,1716p696o0029328,0.1302497365071765,1,,unWISE Catalog,2026-07-21T07:38:07+00:00,40143a3bb24659baa1581de232229bbfc2a1988f429390c7462a0915ab7f5a2a,1726.0999755859375,9.440899848937988,2122.5,26.749000549316406,1.0,1.0,0.7961,0.7918,pass,False,0.26799964904785156,0.04045985660482902,not_selected_within_depth,,,Cluver14_Eq2,dex(log10_Msun),diagnostic_only,not_rest_frame,,,cluster_catalog_M500_R500,not_applicable_cluster,,,not_computed_without_cluster_conversion_model,Msun,not_applicable_cluster,,,not_computed_without_cluster_conversion_model,proper_kpc,not_applicable_cluster,,not_applicable_cluster,,not_applicable_cluster,
50,isha,halo,WISEA J044538.83+701843.3,FRB 20221113A,71.411807,70.312048,0.2505,,,none,galaxy candidate,inconclusive,False,False,16.2,,,matched,NAYJ000955,0.9123030188194913,1,,GSC 2.4.2,2026-07-21T07:38:07+00:00,84cccff08b6adb4020d68ca746f822fc207d829cbd25a30ad4e627936a8c26fb,0.0,matched,J044538.83+701843.3,0.0004340947444772247,1,,AllWISE,2026-07-21T07:38:07+00:00,3399ad825dba1a44a21559b51a4b1c1d7a6ffa2a94f51047f6ddb3a4cbb92b7b,15.098999977111816,0.035999998450279236,14.937999725341797,0.06300000101327896,AABU,0000,0.0,matched,J044538.86+701843.2,0.22064209886580416,1,,CatWISE2020,2026-07-21T07:38:07+00:00,b1eb18d0727cbd65f6115d972dbb298408367f092b36fdb78b22e60d08d3712d,15.107000350952148,0.01193116708525417,14.991000175476074,0.021714724095162587,2N000,00,,not_published_in_vizier_table,matched,0711p696o0036881,0.09095032914494357,1,,unWISE Catalog,2026-07-21T07:38:07+00:00,aff90d4b06bfb901131c2365b7d7c1951a606963af2b44cf6b35e1f939f967e1,925.989990234375,7.7204999923706055,1043.199951171875,24.565000534057617,1.0,1.0,0.9669,0.9911,pass,False,0.16100025177001953,0.07256031984558267,not_selected_within_depth,,,Cluver14_Eq2,dex(log10_Msun),diagnostic_only,not_rest_frame,,,,unavailable,,,Moster13_Table1_redshift_dependent,Msun,unavailable,,,200_times_critical_density_Planck18,proper_kpc,unavailable,,unavailable,,unavailable,
51,oran,halo,WISEA J211150.32+724807.8,FRB 20220506D,317.9596667,72.8021667,0.3005,,,none,galaxy candidate,inconclusive,False,False,208.0,,,matched,N1G0001534,0.03832562576044978,2,0.4082017184294051,GSC 2.4.2,2026-07-21T07:38:07+00:00,fded83481c9b229d4b2df3a8488a3c54ef023cfd1648ff05d237b2d5642ed02e,3.0,matched,J211150.32+724807.8,0.04636825089652165,1,,AllWISE,2026-07-21T07:38:07+00:00,8566c87184312c2a192a406d22b46700b5da53cf209564519fa1bcfeda25b849,13.057999610900879,0.023000000044703484,12.901000022888184,0.023000000044703484,AAAB,0000,1.0,matched,J211150.75+724806.8,2.1424213231898945,1,,CatWISE2020,2026-07-21T07:38:07+00:00,8623e78a1008a0077c957a50008ba4e4389cf8649001c5a932981734af13e6f5,15.234999656677246,0.026808301352052578,15.0,0.032572086142743886,3N000,00,,not_published_in_vizier_table,matched,3162p726o0026023,0.9249387885379469,2,1.9618075548101763,unWISE Catalog,2026-07-21T07:38:07+00:00,2c8954374c7b2dd48a5e41cddee34e6c5407227808e0201b81c7b4c57633b459,3507.0,12.970999717712402,5295.89990234375,31.999000549316406,1.0,1.0,0.6332,0.7998,pass,True,0.1569995880126953,0.03252691199780146,not_selected_within_depth,,,Cluver14_Eq2,dex(log10_Msun),diagnostic_only,not_rest_frame,,,,unavailable,,,Moster13_Table1_redshift_dependent,Msun,unavailable,,,200_times_critical_density_Planck18,proper_kpc,unavailable,,unavailable,,unavailable,
52,phineas,cluster,WHL J115048.0+714428,FRB 20230307A,177.69998,71.74124,0.271,0.1893,,WHL12/NED,cluster,confirmed,True,False,614.3,,,ambiguous,N77R011236,0.19980260483256787,3,0.28682370717178707,GSC 2.4.2,2026-07-21T07:38:07+00:00,e7df2be5256db99d1682955b0d18dca01adbf19c7ef2755340a678a1f2cb2836,0.0,matched,J115048.02+714428.1,0.3804301783565077,1,,AllWISE,2026-07-21T07:38:07+00:00,273dbf57a1ed88b3073a38febfd4846963307d442b20660c07bee6078ee5e73e,13.845999717712402,0.02500000037252903,13.494999885559082,0.028999999165534973,AACU,0000,4.0,ambiguous,J115048.40+714428.0,1.9115274784800682,2,2.1306342083980745,CatWISE2020,2026-07-21T07:38:07+00:00,22b75eacd191d4501e6b1f01d71696c7fb2a30c48b1227fa76d9f12dac7d5668,14.35099983215332,0.03619120682527098,14.04800033569336,0.031667305972112106,3N000,00,,not_published_in_vizier_table,matched,1755p711o0029178,0.33837647878981403,2,0.8749366611248732,unWISE Catalog,2026-07-21T07:38:07+00:00,c640e158d56d49ea6f928243f4450aac4941bb56bc1b0ba6908be78834ff43f0,2274.39990234375,10.494999885559082,3105.60009765625,29.437999725341797,1.0,1.0,0.7537,0.7536,pass,True,0.3509998321533203,0.038288379049360145,not_selected_within_depth,,,Cluver14_Eq2,dex(log10_Msun),diagnostic_only,not_rest_frame,,,cluster_catalog_M500_R500,not_applicable_cluster,,,not_computed_without_cluster_conversion_model,Msun,not_applicable_cluster,,,not_computed_without_cluster_conversion_model,proper_kpc,not_applicable_cluster,,not_applicable_cluster,,not_applicable_cluster,
